,Open,High,Low,Close,Adj Close,Volume,Dividend
2004-11-26,44.75,45.6,44.72,45.29,45.29,24368000.0,0.0
2004-12-03,45.1,46.0,44.68,45.6,45.6,20331700.0,0.0
2004-12-10,45.39,45.47,43.2,43.44,43.44,19080600.0,0.0
2004-12-17,43.61,44.22,43.51,44.19,44.19,11486200.0,0.0
2004-12-23,44.33,44.37,43.89,44.27,44.27,6662100.0,0.0
2004-12-31,44.29,44.56,43.35,43.8,43.8,10871700.0,0.0
2005-01-07,42.98,43.17,41.7,41.84,41.84,17365100.0,0.0
2005-01-14,41.99,42.79,41.89,42.32,42.32,6252000.0,0.0
2005-01-21,42.22,42.82,42.11,42.74,42.74,4411700.0,0.0
2005-01-28,42.74,42.82,42.1,42.69,42.69,5889500.0,0.0
2005-02-04,42.21,42.3,41.39,41.47,41.47,8003600.0,0.0
2005-02-11,41.55,42.16,41.02,42.08,42.08,16199700.0,0.0
2005-02-18,42.37,42.82,42.2,42.75,42.75,9649400.0,0.0
2005-02-25,43.39,43.63,43.15,43.5,43.5,7232800.0,0.0
2005-03-04,43.68,43.74,42.9,43.38,43.38,8032200.0,0.0
2005-03-11,43.32,44.67,43.26,44.43,44.43,11714600.0,0.0
2005-03-18,44.26,44.35,43.6,43.892,43.892,7078000.0,0.0
2005-03-24,43.24,43.25,42.35,42.39,42.39,10508800.0,0.0
2005-04-01,42.45,42.87,42.41,42.62,42.62,6914900.0,0.0
2005-04-08,42.43,42.81,42.23,42.69,42.69,8273900.0,0.0
2005-04-15,42.84,42.96,42.16,42.4,42.4,8488200.0,0.0
2005-04-22,42.55,43.52,42.52,43.39,43.39,7888800.0,0.0
2005-04-29,43.35,43.7,42.99,43.35,43.35,11197500.0,0.0
2005-05-06,43.13,43.17,42.34,42.52,42.52,7626900.0,0.0
2005-05-13,42.54,42.83,41.83,41.95,41.95,4508400.0,0.0
2005-05-20,41.77,42.11,41.61,41.65,41.65,5505400.0,0.0
2005-05-27,41.69,41.96,41.55,41.88,41.88,11016700.0,0.0
2005-06-03,41.45,42.39,41.33,42.17,42.17,14095100.0,0.0
2005-06-10,42.56,42.72,42.03,42.62,42.62,6146000.0,0.0
2005-06-17,42.81,43.85,42.58,43.63,43.63,9094200.0,0.0
2005-06-24,43.94,44.13,43.42,43.9,43.9,5414900.0,0.0
2005-07-01,43.9,43.93,42.59,42.7,42.7,6355000.0,0.0
2005-07-08,42.33,42.56,42.05,42.26,42.26,9006800.0,0.0
2005-07-15,42.33,42.64,41.7,42.05,42.05,7255800.0,0.0
2005-07-22,41.96,42.51,41.81,42.45,42.45,6766400.0,0.0
2005-07-29,42.46,42.96,42.14,42.82,42.82,9178100.0,0.0
2005-08-05,43.08,43.82,42.99,43.6,43.6,5707800.0,0.0
2005-08-12,43.52,44.72,43.166,44.49,44.49,7725900.0,0.0
2005-08-19,44.19,44.57,43.49,43.6,43.6,7303100.0,0.0
2005-08-26,43.84,43.96,43.41,43.61,43.61,5333500.0,0.0
2005-09-02,43.81,44.4,42.81,44.25,44.25,10120200.0,0.0
2005-09-09,44.42,44.87,44.19,44.84,44.84,4575500.0,0.0
2005-09-16,44.68,45.88,44.36,45.82,45.82,8468200.0,0.0
2005-09-23,46.27,47.13,45.92,46.28,46.28,16353000.0,0.0
2005-09-30,45.84,47.23,45.66,46.7,46.7,11292300.0,0.0
2005-10-07,46.62,47.48,46.14,47.36,47.36,9482000.0,0.0
2005-10-14,47.31,47.72,46.41,46.8,46.8,13117500.0,0.0
2005-10-21,47.26,47.37,45.83,46.52,46.52,9075400.0,0.0
2005-10-28,46.39,47.42,46.31,47.22,47.22,11489800.0,0.0
2005-11-04,47.02,47.04,45.32,45.51,45.51,10336000.0,0.0
2005-11-11,45.67,46.82,45.46,46.8,46.8,5083600.0,0.0
2005-11-18,46.56,48.61,46.51,48.46,48.46,10013300.0,0.0
2005-11-25,48.69,49.99,47.92,49.42,49.42,7691100.0,0.0
2005-12-02,49.3,50.34,49.06,50.32,50.32,10518800.0,0.0
2005-12-09,50.43,52.9,50.21,52.4,52.4,15549400.0,0.0
2005-12-16,53.09,53.76,49.93,50.09,50.09,28077800.0,0.0
2005-12-23,50.58,50.75,48.8,50.12,50.12,16194300.0,0.0
2005-12-30,50.65,51.72,50.5,51.58,51.58,15383200.0,0.0
2006-01-06,52.29,53.87,52.1,53.72,53.72,22186100.0,0.0
2006-01-13,53.46,55.56,53.31,55.44,55.44,23253800.0,0.0
2006-01-20,55.25,56.6,54.01,55.2,55.2,22350000.0,0.0
2006-01-27,55.59,56.53,55.26,55.63,55.63,26985200.0,0.0
2006-02-03,55.97,57.3,55.9501,56.5,56.5,23849900.0,0.0
2006-02-10,56.76,57.1499,54.33,54.79,54.79,28642200.0,0.0
2006-02-17,54.64,55.2,53.33,54.96,54.96,23058600.0,0.0
2006-02-24,55.12,55.71,54.55,55.64,55.64,14524200.0,0.0
2006-03-03,55.26,56.82,55.01,56.28,56.28,16945900.0,0.0
2006-03-10,56.3,56.45,53.15,53.83,53.83,26803300.0,0.0
2006-03-17,54.09,55.44,53.92,55.12,55.12,15254000.0,0.0
2006-03-24,55.01,55.83,54.24,55.71,55.71,15224300.0,0.0
2006-03-31,56.21,58.7,55.92,58.1,58.1,23972300.0,0.0
2006-04-07,58.63,59.34,58.0,58.59,58.59,25668600.0,0.0
2006-04-13,59.38,59.85,58.87,59.5,59.5,15210200.0,0.0
2006-04-21,60.38,63.95,60.2,63.2,63.2,42907700.0,0.0
2006-04-28,62.34,65.27,61.6,65.09,65.09,33525000.0,0.0
2006-05-05,65.72,68.01,64.98,67.99,67.99,48667800.0,0.0
2006-05-12,67.28,72.26,66.75,71.12,71.12,67278300.0,0.0
2006-05-19,68.7,70.8,63.55,65.58,65.58,78830000.0,0.0
2006-05-26,64.42,67.16,63.22,65.1,65.1,45354200.0,0.0
2006-06-02,65.2,66.24,61.8,63.5,63.5,34556800.0,0.0
2006-06-09,64.05,64.19,59.76,59.76,59.76,44185800.0,0.0
2006-06-16,60.78,60.84,55.05,57.68,57.68,62391500.0,0.0
2006-06-23,56.85,58.77,56.15,57.99,57.99,34465100.0,0.0
2006-06-30,58.31,61.35,57.35,61.23,61.23,31367900.0,0.0
2006-07-07,61.99,63.2,61.44,62.63,62.63,22273500.0,0.0
2006-07-14,62.01,66.42,61.99,65.85,65.85,52131600.0,0.0
2006-07-21,64.71,65.22,61.21,61.71,61.71,38161700.0,0.0
2006-07-28,60.63,63.61,59.83,63.11,63.11,23249581.0,0.0
2006-08-04,63.12,65.22,62.44,64.28,64.28,21796400.0,0.0
2006-08-11,64.47,65.13,62.24,62.71,62.71,26271500.0,0.0
2006-08-18,62.39,62.9,60.3,61.04,61.04,22329200.0,0.0
2006-08-25,62.09,62.68,61.45,61.77,61.77,15564000.0,0.0
2006-09-01,61.8,62.3,60.32,62.14,62.14,18159000.0,0.0
2006-09-08,63.24,63.63,60.28,60.64,60.64,16836600.0,0.0
2006-09-15,58.85,59.25,56.66,57.4,57.4,34094400.0,0.0
2006-09-22,57.47,58.75,56.84,58.5,58.5,22311600.0,0.0
2006-09-29,58.15,60.27,57.78,59.47,59.47,18401000.0,0.0
2006-10-06,59.8,59.88,55.55,56.99,56.99,23586700.0,0.0
2006-10-13,57.46,58.6,56.48,58.57,58.57,14912800.0,0.0
2006-10-20,58.93,59.65,58.12,58.78,58.78,14468500.0,0.0
2006-10-27,57.88,59.57,56.87,59.4,59.4,19803400.0,0.0
2006-11-03,60.05,62.5,59.57,62.3,62.3,31508800.0,0.0
2006-11-10,62.17,63.13,60.87,62.49,62.49,25854000.0,0.0
2006-11-17,61.93,62.52,61.25,61.78,61.78,20678200.0,0.0
2006-11-24,62.06,63.68,61.56,63.5,63.5,17646800.0,0.0
2006-12-01,63.46,64.55,62.82,64.12,64.12,28056500.0,0.0
2006-12-08,64.03,64.42,61.87,62.05,62.05,26584900.0,0.0
2006-12-15,62.18,62.6,60.93,61.0,61.0,19445000.0,0.0
2006-12-22,60.85,61.83,60.65,61.65,61.65,14966700.0,0.0
2006-12-29,62.24,63.25,61.87,63.21,63.21,9696100.0,0.0
2007-01-05,63.58,64.02,59.66,60.17,60.17,25422000.0,0.0
2007-01-12,60.38,62.28,59.851,62.17,62.17,21914900.0,0.0
2007-01-19,62.2,63.16,61.74,63.0,63.0,15438500.0,0.0
2007-01-26,63.01,64.88,62.65,64.1,64.1,24993600.0,0.0
2007-02-02,63.85,65.63,63.66,64.28,64.28,27849100.0,0.0
2007-02-09,64.68,66.38,64.24,66.12,66.12,20147600.0,0.0
2007-02-16,66.08,66.66,65.41,66.36,66.36,23307793.0,0.0
2007-02-23,65.6944,68.29,65.0,67.72,67.72,30584500.0,0.0
2007-03-02,67.88,68.33,63.34,63.72,63.72,50273323.0,0.0
2007-03-09,63.015,65.22,62.62,64.25,64.25,36285100.0,0.0
2007-03-16,64.47,64.99,63.09,64.62,64.62,28394500.0,0.0
2007-03-23,64.79,66.13,64.63,65.15,65.15,22783400.0,0.0
2007-03-30,65.5,66.48,64.93,65.74,65.74,23250200.0,0.0
2007-04-05,65.34,66.98,65.03,66.86,66.86,20248400.0,0.0
2007-04-13,66.88,67.97,66.46,67.84,67.84,21484500.0,0.0
2007-04-20,68.12,68.73,67.25,68.7,68.7,25728800.0,0.0
2007-04-27,68.4399,68.65,66.5,67.56,67.56,20081700.0,0.0
2007-05-04,67.26,68.43,66.11,68.19,68.19,18431200.0,0.0
2007-05-11,68.39,68.46,65.8,66.45,66.45,14657400.0,0.0
2007-05-18,66.55,66.73,64.72,65.52,65.52,10432700.0,0.0
2007-05-25,65.19,65.89,64.52,64.94,64.94,33741800.0,0.0
2007-06-01,65.5,66.54,64.6,66.44,66.44,19254800.0,0.0
2007-06-08,66.61,66.76,63.74,64.22,64.22,23659400.0,0.0
2007-06-15,64.5,64.94,63.9,64.85,64.85,17282500.0,0.0
2007-06-22,65.19,65.56,64.13,64.78,64.78,11686200.0,0.0
2007-06-29,64.48,64.74,63.39,64.27,64.27,23379900.0,0.0
2007-07-06,64.51,65.23,63.88,64.96,64.96,16956400.0,0.0
2007-07-13,65.0,66.29,64.99,66.03,66.03,22632000.0,0.0
2007-07-20,66.19,68.0,65.65,67.58,67.58,21718300.0,0.0
2007-07-27,67.8,68.0,64.73,65.41,65.41,31233000.0,0.0
2007-08-03,65.37,66.92,65.07,66.69,66.69,29486000.0,0.0
2007-08-10,66.66,67.54,65.24,66.57,66.57,29612100.0,0.0
2007-08-17,66.45,66.52,63.47,65.11,65.11,39022900.0,0.0
2007-08-24,65.06,66.21,64.73,66.11,66.11,19880600.0,0.0
2007-08-31,66.01,66.77,65.48,66.52,66.52,16926200.0,0.0
2007-09-07,66.74,70.0,66.59,69.39,69.39,43749900.0,0.0
2007-09-14,69.96,70.97,68.73,69.99,69.99,39163700.0,0.0
2007-09-21,70.4,73.1,70.35,72.34,72.34,54539500.0,0.0
2007-09-28,72.57,73.8,71.64,73.51,73.51,35963800.0,0.0
2007-10-05,73.49,73.98,71.24,73.4,73.4,43508200.0,0.0
2007-10-12,72.66,74.59,71.98,74.59,74.59,29375500.0,0.0
2007-10-19,74.99,76.29,73.78,75.7,75.7,37840300.0,0.0
2007-10-26,74.09,77.7395,73.84,77.69,77.69,32426600.0,0.0
2007-11-02,78.27,79.9,76.89,79.83,79.83,38820500.0,0.0
2007-11-09,79.55,83.63,79.11,82.18,82.18,53544725.0,0.0
2007-11-16,79.48,80.68,77.17,77.75,77.75,53436000.0,0.0
2007-11-23,77.89,81.61,76.11,81.25,81.25,30595500.0,0.0
2007-11-30,81.8,82.25,76.98,77.32,77.32,43194000.0,0.0
2007-12-07,77.5299,79.65,77.3,78.6,78.6,36835100.0,0.0
2007-12-14,79.5301,80.92,77.82,78.52,78.52,40516000.0,0.0
2007-12-21,78.13,80.32,77.81,80.1,80.1,29840865.0,0.0
2007-12-28,80.26,83.02,80.14,83.0,83.0,18945494.0,0.0
2008-01-04,82.74,85.94,81.98,85.13,85.13,34066900.0,0.0
2008-01-11,85.24,88.76,84.57,88.58,88.58,46493308.0,0.0
2008-01-18,89.41,90.35,86.32,87.42,87.42,83552329.0,0.0
2008-01-25,86.14,91.08,85.77,90.3,90.3,55298402.0,0.0
2008-02-01,90.96,92.58,89.22,89.3499,89.3499,59440298.0,0.0
2008-02-08,88.51,91.0,87.3,91.0,91.0,48346102.0,0.0
2008-02-15,91.03,91.46,88.63,89.15,89.15,39573432.0,0.0
2008-02-22,91.25,94.22,90.75,93.39,93.39,39545377.0,0.0
2008-02-29,93.67,96.24,92.11,96.18,96.18,50895931.0,0.0
2008-03-07,97.63,98.15,94.39,96.09,96.09,76811872.0,0.0
2008-03-14,95.0,99.53,94.88,98.71,98.71,65641775.0,0.0
2008-03-20,99.32,100.44,89.8,89.9128,89.9128,113817291.0,0.0
2008-03-28,90.65,94.09,89.78,91.88,91.88,58907459.0,0.0
2008-04-04,92.56,92.65,86.05,90.25,90.25,64936713.0,0.0
2008-04-11,90.76,92.56,89.72,91.3,91.3,38852575.0,0.0
2008-04-18,91.32,93.71,88.96,90.62,90.62,38072451.0,0.0
2008-04-25,90.79,91.35,87.1,87.27,87.27,78176740.0,0.0
2008-05-02,87.69,88.4,83.57,84.58,84.58,66884067.0,0.0
2008-05-09,85.55,87.59,85.2,87.42,87.42,43910474.0,0.0
2008-05-16,86.92,89.3,84.92,89.1001,89.1001,42545714.0,0.0
2008-05-23,89.61,92.11,88.869,91.23,91.23,42895429.0,0.0
2008-05-30,89.84,89.87,86.1,87.45,87.45,33356416.0,0.0
2008-06-06,87.44,89.06,85.66,89.06,89.06,52401144.0,0.0
2008-06-13,88.45,89.24,84.83,85.83,85.83,51496758.0,0.0
2008-06-20,88.15,89.61,86.7,88.95,88.95,40689876.0,0.0
2008-06-27,87.24,91.82,86.13,91.47,91.47,63987224.0,0.0
2008-07-03,91.75,93.35,90.53,92.06,92.06,43866633.0,0.0
2008-07-11,90.57,95.5,89.93,95.16,95.16,77715898.0,0.0
2008-07-18,95.03,97.5,94.02,94.17,94.17,105274161.0,0.0
2008-07-25,94.75,95.86,90.25,91.69,91.69,71347937.0,0.0
2008-08-01,91.39,92.0,88.08,89.57,89.57,61053115.0,0.0
2008-08-08,89.08,89.68,83.83,84.43,84.43,71049508.0,0.0
2008-08-15,84.46,84.49,76.61,77.63,77.63,105904945.0,0.0
2008-08-22,78.53,84.54,77.7,81.08,81.08,70381002.0,0.0
2008-08-29,81.1,83.13,80.56,81.71,81.71,36659016.0,0.0
2008-09-05,78.16,80.27,77.98,78.98,78.98,44997763.0,0.0
2008-09-12,80.1,80.35,72.51,75.55,75.55,100933654.0,0.0
2008-09-19,76.64,90.78,76.0,85.98,85.98,185820750.0,0.0
2008-09-26,86.85,90.17,85.01,86.64,86.64,117309343.0,0.0
2008-10-03,87.06,92.0,81.05,82.59,82.59,124028517.0,0.0
2008-10-10,85.84,90.8397,81.38,83.22,83.22,138211913.0,0.0
2008-10-17,83.61,84.39,75.0,77.21,77.21,92290331.0,0.0
2008-10-24,77.77,78.56,66.0,72.21,72.21,82582360.0,0.0
2008-10-31,71.13,76.36,70.6,71.34,71.34,57143221.0,0.0
2008-11-07,71.34,75.69,71.06,72.5,72.5,45288469.0,0.0
2008-11-14,74.8,74.92,68.81,73.3,73.3,54109308.0,0.0
2008-11-21,72.43,79.0,72.0,78.85,78.85,73852181.0,0.0
2008-11-28,80.45,81.72,79.28,80.31,80.31,50211199.0,0.0
2008-12-05,77.15,77.63,72.91,74.52,74.52,55976743.0,0.0
2008-12-12,76.48,81.94,75.3,80.81,80.81,59452058.0,0.0
2008-12-19,81.33,86.91,81.23,82.63,82.63,82044927.0,0.0
2008-12-26,83.57,85.97,81.59,85.6,85.6,20167333.0,0.0
2009-01-02,86.5,87.1,84.28,86.23,86.23,30444514.0,0.0
2009-01-09,83.62,85.7,82.21,83.92,83.92,55335277.0,0.0
2009-01-16,81.72,83.0,78.87,82.71,82.71,73556396.0,0.0
2009-01-23,84.17,88.94,82.98,88.53,88.53,81571326.0,0.0
2009-01-30,89.24,91.49,86.28,91.31,91.31,91880315.0,0.0
2009-02-06,89.88,92.5786,86.0,89.59,89.59,78492574.0,0.0
2009-02-13,88.34,93.74,87.6,92.55,92.55,155708109.0,0.0
2009-02-20,95.24,98.99,94.67,97.8,97.8,121366083.0,0.0
2009-02-27,96.59,98.22,91.03,92.63,92.63,147402030.0,0.0
2009-03-06,93.42,93.61,88.45,92.29,92.29,118471448.0,0.0
2009-03-13,92.29,92.33,87.4733,91.3,91.3,92731156.0,0.0
2009-03-20,90.32,94.77,86.83,93.59,93.59,134300123.0,0.0
2009-03-27,93.44,93.91,90.25,90.69,90.69,83406565.0,0.0
2009-04-03,89.97,91.81,87.52,87.59,87.59,84273295.0,0.0
2009-04-09,86.4,88.26,84.97,86.31,86.31,55697748.0,0.0
2009-04-17,88.03,88.45,84.92,85.22,85.22,64594115.0,0.0
2009-04-24,86.03,89.84,86.0,89.72,89.72,61419140.0,0.0
2009-05-01,89.33,89.79,86.5409,86.95,86.95,39630045.0,0.0
2009-05-08,87.55,90.3,87.55,89.98,89.98,57835891.0,0.0
2009-05-15,89.64,91.81,89.5,91.55,91.55,65103267.0,0.0
2009-05-22,91.53,94.42,90.14,94.15,94.15,82452880.0,0.0
2009-05-29,92.95,96.35,92.85,96.2,96.2,59151517.0,0.0
2009-06-05,96.47,96.9699,93.57,93.71,93.71,82878574.0,0.0
2009-06-12,93.26,94.53,92.0,92.17,92.17,64052951.0,0.0
2009-06-19,91.9,92.5,90.1457,91.9,91.9,63113015.0,0.0
2009-06-26,90.41,92.93,89.95,92.29,92.29,58883623.0,0.0
2009-07-02,92.32,93.0,90.53,91.25,91.25,48825527.0,0.0
2009-07-10,90.48,97.8,88.82,89.58,89.58,54644924.0,0.0
2009-07-17,89.45,92.52,89.1,91.93,91.93,37672519.0,0.0
2009-07-24,93.61,94.005,92.69,93.41,93.41,47250876.0,0.0
2009-07-31,93.9,94.03,90.81,93.35,93.35,46356481.0,0.0
2009-08-07,94.14,95.25,93.6,93.75,93.75,52184067.0,0.0
2009-08-14,92.91,94.05,92.4,93.0,93.0,32296674.0,0.0
2009-08-21,91.49,93.8,91.28,93.65,93.65,29542634.0,0.0
2009-08-28,93.64,94.15,91.64,93.87,93.87,35666156.0,0.0
2009-09-04,93.14,97.94,92.92,97.529,97.529,81526008.0,0.0
2009-09-11,98.57,99.33,96.85,98.78,98.78,75063497.0,0.0
2009-09-18,98.16,100.08,97.56,98.67,98.67,68832184.0,0.0
2009-09-25,97.95,99.89,96.77,97.0,97.0,70762496.0,0.0
2009-10-02,97.21,99.06,96.95,98.37,98.37,57194981.0,0.0
2009-10-09,98.48,104.1501,98.36,102.84,102.84,100765200.0,0.0
2009-10-16,103.39,104.7,102.53,103.18,103.18,74457533.0,0.0
2009-10-23,103.16,104.58,102.75,103.49,103.49,71150934.0,0.0
2009-10-30,103.41,103.97,100.65,102.53,102.53,89826605.0,0.0
2009-11-06,103.5,108.04,103.25,107.43,107.43,101109169.0,0.0
2009-11-13,108.69,109.8,107.7,109.74,109.74,87163653.0,0.0
2009-11-20,110.7,113.09,110.65,112.94,112.94,105590200.0,0.0
2009-11-27,114.67,116.88,113.02,115.06,115.06,92826129.0,0.0
2009-12-04,114.48,119.54,112.41,113.753,113.753,183006602.0,0.0
2009-12-11,111.51,114.22,108.7174,109.32,109.32,166671986.0,0.0
2009-12-18,110.01,111.91,107.04,108.95,108.95,119698561.0,0.0
2009-12-24,109.17,109.3,105.312,108.36,108.36,76833548.0,0.0
2009-12-31,108.64,108.78,106.4,107.31,107.31,39159325.0,0.0
2010-01-08,109.82,111.77,109.26,111.37,111.37,84820359.0,0.0
2010-01-15,113.34,113.59,109.57,110.86,110.86,102625274.0,0.0
2010-01-22,110.95,111.75,106.01,107.17,107.17,77959955.0,0.0
2010-01-29,107.44,108.8,105.18,105.96,105.96,81506879.0,0.0
2010-02-05,106.64,109.6,102.28,104.68,104.68,115160570.0,0.0
2010-02-12,104.41,107.56,104.0,107.04,107.04,93146198.0,0.0
2010-02-19,109.45,110.39,108.81,109.47,109.47,81318113.0,0.0
2010-02-26,109.86,109.97,106.6,109.43,109.43,77926760.0,0.0
2010-03-05,109.48,112.18,108.97,110.81,110.81,73143581.0,0.0
2010-03-12,111.22,111.3,107.45,107.95,107.95,68740632.0,0.0
2010-03-19,108.16,110.61,107.82,108.28,108.28,77407695.0,0.0
2010-03-26,107.31,108.7,106.24,108.59,108.59,71384934.0,0.0
2010-04-01,108.87,110.47,107.87,110.26,110.26,46709896.0,0.0
2010-04-09,110.56,114.07,110.27,113.64,113.64,66529226.0,0.0
2010-04-16,113.64,114.13,110.54,111.24,111.24,68201609.0,0.0
2010-04-23,110.8801,113.3,110.67,113.19,113.19,43957185.0,0.0
2010-04-30,112.88,115.7,112.34,115.36,115.36,84028158.0,0.0
2010-05-07,115.91,118.88,113.312,118.27,118.27,141412490.0,0.0
2010-05-14,117.5,122.235,116.8101,120.37,120.37,154672235.0,0.0
2010-05-21,120.55,121.12,114.51,115.22,115.22,137649853.0,0.0
2010-05-28,116.34,119.08,116.04,118.881,118.881,70644077.0,0.0
2010-06-04,119.88,120.25,117.05,119.19,119.19,52903257.0,0.0
2010-06-11,118.73,122.45,118.62,120.01,120.01,78003461.0,0.0
2010-06-18,119.63,123.5,118.96,122.83,122.83,75778272.0,0.0
2010-06-25,123.09,123.13,119.77,122.76,122.76,70168734.0,0.0
2010-07-02,122.79,123.56,116.98,118.49,118.49,96903454.0,0.0
2010-07-09,117.6698,118.73,116.1,118.36,118.36,48680358.0,0.0
2010-07-16,117.83,119.13,115.95,116.67,116.67,51571037.0,0.0
2010-07-23,115.57,117.5,115.11,116.09,116.09,50855631.0,0.0
2010-07-30,116.38,116.47,113.08,115.49,115.49,76377301.0,0.0
2010-08-06,116.12,118.42,115.2,117.84,117.84,41376906.0,0.0
2010-08-13,117.76,118.89,116.4,118.74,118.74,52095093.0,0.0
2010-08-20,119.7,120.99,119.0,119.97,119.97,50846962.0,0.0
2010-08-27,119.91,122.95,118.71,121.01,121.01,53678723.0,0.0
2010-09-03,120.85,122.48,120.58,121.86,121.86,44574148.0,0.0
2010-09-10,122.91,123.42,121.38,121.73,121.73,44820966.0,0.0
2010-09-17,121.63,125.03,121.39,124.5425,124.5425,72207765.0,0.0
2010-09-24,125.09,127.0001,124.16,126.69,126.69,64039506.0,0.0
2010-10-01,126.9,129.07,126.11,128.91,128.91,75247625.0,0.0
2010-10-08,128.52,132.67,128.22,131.66,131.66,99283990.0,0.0
2010-10-15,131.28,134.85,130.98,133.68,133.68,95320259.0,0.0
2010-10-22,133.46,134.34,128.72,129.73,129.73,83816179.0,0.0
2010-10-29,131.16,132.82,128.79,132.62,132.62,69181277.0,0.0
2010-11-05,132.85,136.61,129.48,136.38,136.38,97279345.0,0.0
2010-11-12,135.92,139.15,132.821,133.69,133.69,136428072.0,0.0
2010-11-19,133.86,134.49,129.83,132.2,132.2,94041152.0,0.0
2010-11-26,132.13,135.07,131.69,133.11,133.11,47961016.0,0.0
2010-12-03,133.19,138.11,132.33,138.07,138.07,82327545.0,0.0
2010-12-10,138.14,139.54,133.88,135.408,135.408,91637035.0,0.0
2010-12-17,136.26,137.21,132.86,134.2,134.2,86515338.0,0.0
2010-12-23,135.13,135.7775,133.93,134.66,134.66,39361297.0,0.0
2010-12-31,134.96,138.77,134.49,138.72,138.72,36957613.0,0.0
2011-01-07,138.67,139.0,133.1,133.58,133.58,87025246.0,0.0
2011-01-14,133.85,135.68,132.22,132.69,132.69,64983124.0,0.0
2011-01-21,133.625,134.4,130.53,131.03,131.03,67210767.0,0.0
2011-01-28,131.01,131.63,127.8,130.28,130.28,118989101.0,0.0
2011-02-04,129.27,132.7,129.25,131.66,131.66,72696251.0,0.0
2011-02-11,131.67,133.5,131.23,132.3225,132.3225,51541184.0,0.0
2011-02-18,132.95,135.8,132.7,135.41,135.41,58837696.0,0.0
2011-02-25,136.92,138.2,135.73,137.384,137.384,61482673.0,0.0
2011-03-04,137.65,140.55,137.03,139.35,139.35,75899855.0,0.0
2011-03-11,140.29,140.61,136.845,138.22,138.22,59474173.0,0.0
2011-03-18,139.33,139.55,135.23,138.37,138.37,74726972.0,0.0
2011-03-25,139.5,141.28,138.66,139.26,139.26,65010151.0,0.0
2011-04-01,137.8199,140.4,137.68,139.2,139.2,55708181.0,0.0
2011-04-08,140.13,143.84,139.45,143.66,143.66,61285745.0,0.0
2011-04-15,143.28,145.12,140.75,145.05,145.05,72137680.0,0.0
2011-04-21,145.21,147.06,144.63,146.74,146.74,52284307.0,0.0
2011-04-29,147.57,153.03,145.48,152.37,152.37,102061789.0,0.0
2011-05-06,151.46,153.61,142.55,145.3,145.3,158509695.0,0.0
2011-05-13,146.67,148.19,144.49,145.63,145.63,82460220.0,0.0
2011-05-20,145.88,147.78,143.42,147.49,147.49,69019368.0,0.0
2011-05-27,147.04,149.92,146.97,149.7,149.7,61812191.0,0.0
2011-06-03,149.88,151.13,148.07,150.22,150.22,55005832.0,0.0
2011-06-10,150.82,151.45,148.69,149.24,149.24,51160233.0,0.0
2011-06-17,148.6601,150.29,147.19,149.94,149.94,68633650.0,0.0
2011-06-24,150.0799,151.86,145.97,146.26,146.26,81141020.0,0.0
2011-07-01,145.93,147.42,143.97,144.93,144.93,62047959.0,0.0
2011-07-08,146.96,150.5,146.85,150.25,150.25,48962605.0,0.0
2011-07-15,151.33,155.29,150.2,155.2,155.2,106833925.0,0.0
2011-07-22,155.76,156.58,154.1,156.12,156.12,85865642.0,0.0
2011-07-29,157.6,159.25,156.11,158.29,158.29,71527710.0,0.0
2011-08-05,157.4701,163.87,156.78,161.75,161.75,131755570.0,0.0
2011-08-12,165.48,175.13,164.76,169.97,169.97,222027543.0,0.0
2011-08-19,169.32,181.67,168.95,179.95,179.95,113757367.0,0.0
2011-08-26,181.9499,184.82,165.88,177.47,177.47,234921462.0,0.0
2011-09-02,175.945,183.51,172.88,183.238,183.238,98465617.0,0.0
2011-09-09,184.58,185.85,174.45,180.7,180.7,107060950.0,0.0
2011-09-16,178.49,179.54,172.56,176.03,176.03,98678907.0,0.0
2011-09-23,176.83,176.86,158.55,159.8,159.8,132717486.0,0.0
2011-09-30,157.12,162.29,154.19,158.06,158.06,123323001.0,0.0
2011-10-07,161.09,161.58,155.27,159.18,159.18,78620876.0,0.0
2011-10-14,162.05,164.0,160.82,163.4,163.4,46122451.0,0.0
2011-10-21,164.0,164.16,156.05,159.52,159.52,63313603.0,0.0
2011-10-28,160.55,170.29,160.22,169.62,169.62,74589036.0,0.0
2011-11-04,167.76,172.04,163.61,170.85,170.85,66891429.0,0.0
2011-11-11,172.85,175.46,168.83,173.96,173.96,69007016.0,0.0
2011-11-18,173.74,173.86,166.39,167.62,167.62,72613029.0,0.0
2011-11-25,166.6099,166.71,162.07,163.4,163.4,51676687.0,0.0
2011-12-02,166.93,170.8,165.98,169.82,169.82,53031579.0,0.0
2011-12-09,169.06,169.95,165.53,166.4,166.4,51041937.0,0.0
2011-12-16,162.35,163.19,151.71,155.23,155.23,122127258.0,0.0
2011-12-23,155.48,157.53,154.36,156.31,156.31,47067737.0,0.0
2011-12-30,155.08,155.55,148.27,151.99,151.99,51964031.0,0.0
2012-01-06,154.76,158.63,154.55,157.2,157.2,46259436.0,0.0
2012-01-13,157.36,161.615,156.19,159.26,159.26,42544515.0,0.0
2012-01-20,161.17,162.09,159.68,162.07,162.07,37281079.0,0.0
2012-01-27,162.325,169.0,160.29,168.97,168.97,77404505.0,0.0
2012-02-03,168.19,171.2299,167.51,167.64,167.64,62150231.0,0.0
2012-02-10,166.96,170.37,166.33,167.14,167.14,57387401.0,0.0
2012-02-17,167.33,168.75,166.17,167.35,167.35,44577347.0,0.0
2012-02-24,169.65,173.77,169.59,172.231,172.231,51148377.0,0.0
2012-03-02,172.14,174.0,164.0,166.34,166.34,92121250.0,0.0
2012-03-09,165.77,166.57,161.78,166.3799,166.3799,59707176.0,0.0
2012-03-16,165.33,165.58,158.8,161.3,161.3,80601676.0,0.0
2012-03-23,160.85,162.3,158.13,161.5329,161.5329,50026422.0,0.0
2012-03-30,163.17,164.89,159.81,162.12,162.12,53679279.0,0.0
2012-04-05,161.96,163.56,156.58,158.31,158.31,49297904.0,0.0
2012-04-13,159.72,163.2,158.47,160.85,160.85,51807764.0,0.0
2012-04-20,160.51,161.18,158.75,159.54,159.54,40780495.0,0.0
2012-04-27,158.2,161.97,157.76,161.38,161.38,48458710.0,0.0
2012-05-04,160.49,162.18,158.37,159.47,159.47,45563882.0,0.0
2012-05-11,159.31,159.34,153.24,153.56,153.56,52378892.0,0.0
2012-05-18,151.58,155.13,148.6,154.55,154.55,74535776.0,0.0
2012-05-25,154.11,154.95,148.84,152.68,152.68,53576206.0,0.0
2012-06-01,153.47,158.31,148.53,157.5,157.5,65517181.0,0.0
2012-06-08,157.26,159.2,153.0,154.73,154.73,65281302.0,0.0
2012-06-15,154.83,158.46,153.55,157.84,157.84,57082565.0,0.0
2012-06-22,157.46,158.21,151.21,152.64,152.64,51845782.0,0.0
2012-06-29,152.58,155.95,150.15,155.19,155.19,36277489.0,0.0
2012-07-06,154.67,157.72,152.95,153.71,153.71,21095581.0,0.0
2012-07-13,153.61,155.1799,150.85,154.14,154.14,37506165.0,0.0
2012-07-20,154.43,154.75,152.4,153.67,153.67,40191721.0,0.0
2012-07-27,152.5,157.96,152.2,157.54,157.54,38229756.0,0.0
2012-08-03,156.84,157.72,153.61,155.55,155.55,53051252.0,0.0
2012-08-10,155.92,157.82,155.74,157.18,157.18,21937647.0,0.0
2012-08-17,157.05,157.45,154.83,156.72,156.72,31290542.0,0.0
2012-08-24,156.52,162.451,156.47,161.97,161.97,58977108.0,0.0
2012-08-31,161.77,164.22,159.56,164.22,164.22,43576752.0,0.0
2012-09-07,164.11,169.0,163.66,168.44,168.44,52515515.0,0.0
2012-09-14,167.84,172.23,166.3,171.8,171.8,70388320.0,0.0
2012-09-21,171.77,173.185,170.06,171.96,171.96,54934032.0,0.0
2012-09-28,170.63,172.6,168.34,171.89,171.89,51803603.0,0.0
2012-10-05,172.83,174.07,171.59,172.62,172.62,42620891.0,0.0
2012-10-12,171.75,172.28,169.81,170.06,170.06,32839990.0,0.0
2012-10-19,169.01,169.95,166.23,166.97,166.97,42574747.0,0.0
2012-10-26,167.08,167.63,164.6,165.93,165.93,42472407.0,0.0
2012-11-02,166.47,167.28,162.3,162.6,162.6,25461384.0,0.0
2012-11-09,163.12,168.54,162.81,167.82,167.82,51560328.0,0.0
2012-11-16,168.1,168.28,165.18,165.88,165.88,37585316.0,0.0
2012-11-23,167.75,170.01,166.8401,169.61,169.61,22176622.0,0.0
2012-11-30,169.56,169.73,165.385,166.05,166.05,41427115.0,0.0
2012-12-07,166.11,166.92,163.2,165.165,165.165,41766043.0,0.0
2012-12-14,166.11,166.94,163.78,164.13,164.13,38205371.0,0.0
2012-12-21,164.16,164.62,158.39,160.33,160.33,83748945.0,0.0
2012-12-28,160.88,161.485,160.05,160.54,160.54,24445649.0,0.0
2013-01-04,160.9,164.14,158.89,160.44,160.44,57446421.0,0.0
2013-01-11,159.36,162.56,159.15,161.06,161.06,50484784.0,0.0
2013-01-18,161.88,164.4,161.13,163.09,163.09,51526426.0,0.0
2013-01-25,163.48,164.22,160.31,160.65,160.65,37456808.0,0.0
2013-02-01,160.24,163.04,160.02,161.45,161.45,50103297.0,0.0
2013-02-08,161.19,162.96,161.13,161.57,161.57,41379718.0,0.0
2013-02-15,159.78,160.05,154.56,155.76,155.76,64445014.0,0.0
2013-02-22,155.8,155.84,150.841,152.97,152.97,70751711.0,0.0
2013-03-01,153.52,156.8,152.14,152.44,152.44,63225768.0,0.0
2013-03-08,152.45,153.39,151.403,152.71,152.71,46709328.0,0.0
2013-03-15,152.82,154.72,152.65,154.001,154.001,36621855.0,0.0
2013-03-22,155.7,156.43,154.88,155.55,155.55,38280317.0,0.0
2013-03-28,154.71,155.62,154.22,154.47,154.47,27749710.0,0.0
2013-04-05,154.57,154.93,149.44,152.81,152.81,56319228.0,0.0
2013-04-12,152.39,153.85,143.426,143.95,143.95,95420361.0,0.0
2013-04-19,136.0,136.75,130.51,135.47,135.47,200424801.0,0.0
2013-04-26,138.15,143.43,135.85,140.91,140.91,79769666.0,0.0
2013-05-03,142.1353,142.83,139.3001,142.09,142.09,59200036.0,0.0
2013-05-10,142.33,142.81,137.26,139.6,139.6,55427771.0,0.0
2013-05-17,138.46,139.16,131.02,131.07,131.07,68698649.0,0.0
2013-05-24,130.88,136.77,130.85,133.76,133.76,77860574.0,0.0
2013-05-31,133.68,137.11,132.8,133.92,133.92,39595489.0,0.0
2013-06-07,134.77,137.62,133.18,133.28,133.28,43017613.0,0.0
2013-06-14,133.3,134.83,132.245,134.43,134.43,31327952.0,0.0
2013-06-21,133.89,134.0599,123.33,125.05,125.05,69873342.0,0.0
2013-06-28,124.31,124.7,114.68,119.11,119.11,109761489.0,0.0
2013-07-05,119.94,121.95,116.74,118.09,118.09,44834838.0,0.0
2013-07-12,119.09,124.365,118.93,124.13,124.13,49370650.0,0.0
2013-07-19,124.08,125.7,122.73,125.11,125.11,32502639.0,0.0
2013-07-26,127.65,130.1399,126.78,128.78,128.78,40477789.0,0.0
2013-08-02,128.45,128.92,126.13,126.36,126.36,41062326.0,0.0
2013-08-09,126.51,127.27,123.55,126.86,126.86,30172604.0,0.0
2013-08-16,129.57,133.27,127.38,132.58,132.58,55101815.0,0.0
2013-08-23,132.33,135.24,131.51,134.9,134.9,44006524.0,0.0
2013-08-30,134.88,137.55,134.15,134.62,134.62,48223939.0,0.0
2013-09-06,135.46,136.789,131.8,134.15,134.15,35452461.0,0.0
2013-09-13,134.13,134.32,126.21,127.82,127.82,43552942.0,0.0
2013-09-20,127.48,132.78,125.15,127.96,127.96,76671111.0,0.0
2013-09-27,127.52,129.58,126.34,128.97,128.97,39143300.0,0.0
2013-10-04,127.95,129.14,123.81,126.53,126.53,56208456.0,0.0
2013-10-11,127.25,128.45,121.85,122.6,122.6,50905975.0,0.0
2013-10-18,123.9,127.86,122.22,126.85,126.85,40124311.0,0.0
2013-10-25,127.13,130.92,126.79,130.46,130.46,36306184.0,0.0
2013-11-01,130.41,131.44,126.05,126.95,126.95,38301991.0,0.0
2013-11-08,127.18,127.52,123.62,124.279,124.279,28401387.0,0.0
2013-11-15,123.92,124.91,121.7256,124.32,124.32,29206400.0,0.0
2013-11-22,123.7,123.96,119.31,119.92,119.92,38528138.0,0.0
2013-11-29,119.23,121.05,119.13,120.7,120.7,24834405.0,0.0
2013-12-06,119.2,120.76,117.23,118.55,118.55,44577382.0,0.0
2013-12-13,118.99,122.32,118.03,119.38,119.38,39905471.0,0.0
2013-12-20,119.26,120.77,114.5,115.94,115.94,63729987.0,0.0
2013-12-27,115.61,117.38,115.43,117.12,117.12,17674605.0,0.0
2014-01-03,116.37,119.62,114.46,119.29,119.29,33000883.0,0.0
2014-01-10,119.76,120.43,117.11,120.26,120.26,35943671.0,0.0
2014-01-17,120.27,121.06,119.1126,120.93,120.93,30736877.0,0.0
2014-01-24,119.23,122.5,119.17,122.29,122.29,31242593.0,0.0
2014-01-31,121.65,122.51,119.46,120.09,120.09,41689703.0,0.0
2014-02-07,120.47,122.24,120.32,122.17,122.17,34532696.0,0.0
2014-02-14,122.8,127.38,122.72,127.15,127.15,46594055.0,0.0
2014-02-21,127.42,128.07,126.16,127.58,127.58,34966412.0,0.0
2014-02-28,128.51,129.53,127.15,127.62,127.62,40616865.0,0.0
2014-03-07,130.0,130.5856,128.21,129.09,129.09,35967792.0,0.0
2014-03-14,128.88,133.69,128.7804,133.1,133.1,42530389.0,0.0
2014-03-21,132.73,133.22,127.58,128.47,128.47,48924694.0,0.0
2014-03-28,126.87,127.14,123.88,124.56,124.56,42795072.0,0.0
2014-04-04,124.52,125.96,123.1099,125.57,125.57,34222703.0,0.0
2014-04-11,125.07,127.37,124.84,126.93,126.93,25932234.0,0.0
2014-04-17,127.8,128.25,124.57,124.75,124.75,26624879.0,0.0
2014-04-25,124.07,125.71,122.8404,125.43,125.43,32999956.0,0.0
2014-05-02,125.3,125.67,123.06,125.06,125.06,37096795.0,0.0
2014-05-09,126.47,126.63,123.82,124.1,124.1,23978061.0,0.0
2014-05-16,125.4,125.96,124.29,124.5,124.5,20602692.0,0.0
2014-05-23,125.28,125.47,123.53,124.51,124.51,20187408.0,0.0
2014-05-30,122.98,123.07,119.62,120.43,120.43,31955731.0,0.0
2014-06-06,119.93,120.88,119.42,120.61,120.61,23788260.0,0.0
2014-06-13,120.79,123.036,120.57,122.96,122.96,21346366.0,0.0
2014-06-20,122.88,127.23,121.82,126.5,126.5,48803581.0,0.0
2014-06-27,126.65,127.55,126.2,126.66,126.66,27925101.0,0.0
2014-07-03,126.53,128.24,126.37,127.16,127.16,36956441.0,0.0
2014-07-11,126.63,129.21,126.23,128.78,128.78,29863901.0,0.0
2014-07-18,125.5,127.55,124.36,126.13,126.13,44014461.0,0.0
2014-07-25,126.53,126.55,123.9,125.791,125.791,23999564.0,0.0
2014-08-01,125.44,125.88,123.23,124.38,124.38,31402744.0,0.0
2014-08-08,124.36,126.51,123.4,126.19,126.19,37199193.0,0.0
2014-08-15,125.84,126.81,124.41,125.483,125.483,28167809.0,0.0
2014-08-22,124.78,125.08,122.45,123.19,123.19,26978457.0,0.0
2014-08-29,122.92,124.33,122.72,123.86,123.86,18469838.0,0.0
2014-09-05,121.97,122.66,121.25,122.06,122.06,24345850.0,0.0
2014-09-12,121.58,121.61,118.07,118.38,118.38,36436243.0,0.0
2014-09-19,118.79,119.43,116.72,117.09,117.09,35951889.0,0.0
2014-09-26,116.72,117.99,116.2,117.06,117.06,29613600.0,0.0
2014-10-03,117.27,117.4,114.42,114.61,114.61,38906410.0,0.0
2014-10-10,115.16,118.26,114.94,117.59,117.59,34867031.0,0.0
2014-10-17,118.14,120.18,117.93,118.99,118.99,34649697.0,0.0
2014-10-24,119.68,120.5,117.88,118.35,118.35,21379188.0,0.0
2014-10-31,118.18,118.48,111.655,112.66,112.66,39670628.0,0.0
2014-11-07,112.39,113.15,109.67,112.97,112.97,44531794.0,0.0
2014-11-14,112.24,114.72,110.28,114.47,114.47,41333172.0,0.0
2014-11-21,113.97,115.96,112.88,115.39,115.39,35197463.0,0.0
2014-11-28,115.15,115.47,111.95,112.11,112.11,26547184.0,0.0
2014-12-05,113.8,117.36,113.74,114.43,114.43,37735485.0,0.0
2014-12-12,114.97,118.99,114.46,117.41,117.41,29920078.0,0.0
2014-12-19,116.22,116.9698,113.58,114.77,114.77,36977716.0,0.0
2014-12-26,114.81,114.98,112.41,114.83,114.83,20513655.0,0.0
2015-01-02,114.61,116.26,112.32,114.08,114.08,35684828.0,0.0
2015-01-09,114.78,117.5,114.73,117.26,117.26,40846420.0,0.0
2015-01-16,117.46,123.15,117.32,122.52,122.52,55859585.0,0.0
2015-01-23,123.63,125.58,123.35,124.23,124.23,42840641.0,0.0
2015-01-30,123.33,124.64,120.26,123.45,123.45,51377884.0,0.0
2015-02-06,121.84,123.155,117.95,118.64,118.64,42614650.0,0.0
2015-02-13,118.83,119.4,117.0,117.98,117.98,24561213.0,0.0
2015-02-20,116.4,116.54,114.99,115.28,115.28,28771641.0,0.0
2015-02-27,115.11,117.07,114.29,116.16,116.16,29738839.0,0.0
2015-03-06,116.5,116.64,111.7,111.86,111.86,34557073.0,0.0
2015-03-13,112.42,112.62,110.16,110.88,110.88,30293272.0,0.0
2015-03-20,111.09,114.0,109.77,113.57,113.57,39207796.0,0.0
2015-03-27,113.7,115.84,113.4899,115.06,115.06,20657935.0,0.0
2015-04-02,113.9,115.99,113.4065,115.28,115.28,19975252.0,0.0
2015-04-10,117.32,117.47,114.48,115.966,115.966,22590636.0,0.0
2015-04-17,115.35,115.79,114.39,115.6,115.6,17126207.0,0.0
2015-04-24,114.82,115.56,112.77,113.05,113.05,23558839.0,0.0
2015-05-01,113.87,116.62,112.28,113.08,113.08,39749654.0,0.0
2015-05-08,114.18,115.11,113.32,113.97,113.97,26204467.0,0.0
2015-05-15,114.09,117.75,113.08,117.53,117.53,29312034.0,0.0
2015-05-22,117.78,117.88,115.32,115.6,115.6,18859437.0,0.0
2015-05-29,113.84,114.48,113.21,114.1,114.1,17124154.0,0.0
2015-06-05,115.02,115.5,111.5668,112.24,112.24,28256628.0,0.0
2015-06-12,112.39,114.14,112.13,113.23,113.23,19538079.0,0.0
2015-06-19,113.28,115.61,112.63,115.12,115.12,28197239.0,0.0
2015-06-26,113.79,113.94,112.13,112.56,112.56,20559298.0,0.0
2015-07-02,112.81,113.23,111.41,111.76,111.76,21964847.0,0.0
2015-07-10,111.71,112.58,110.05,111.49,111.49,26425894.0,0.0
2015-07-17,110.43,111.14,108.4,108.65,108.65,35654422.0,0.0
2015-07-24,106.6,106.65,103.431,105.35,105.35,51972695.0,0.0
2015-07-31,104.94,105.75,103.86,104.93,104.93,35197408.0,0.0
2015-08-07,104.59,105.38,103.78,104.65,104.65,20119666.0,0.0
2015-08-14,105.03,107.91,104.9172,106.85,106.85,28246961.0,0.0
2015-08-21,107.37,111.33,106.31,111.13,111.13,43392142.0,0.0
2015-08-28,111.54,112.12,107.08,108.7,108.7,54880553.0,0.0
2015-09-04,108.19,109.77,107.07,107.49,107.49,23663782.0,0.0
2015-09-11,107.6,107.94,105.27,106.16,106.16,25065048.0,0.0
2015-09-18,105.86,109.38,105.68,109.21,109.21,25769572.0,0.0
2015-09-25,108.49,110.82,107.44,109.81,109.81,28566027.0,0.0
2015-10-02,108.37,109.3199,106.47,108.99,108.99,27268029.0,0.0
2015-10-09,109.14,111.05,108.46,110.87,110.87,31305044.0,0.0
2015-10-16,111.67,113.99,111.01,112.49,112.49,43027304.0,0.0
2015-10-23,112.64,113.09,110.9601,111.5,111.5,21076111.0,0.0
2015-10-30,111.73,113.25,109.06,109.3,109.3,24114811.0,0.0
2015-11-06,108.64,108.84,104.02,104.1,104.1,35369386.0,0.0
2015-11-13,104.29,104.65,103.04,103.56,103.56,21632306.0,0.0
2015-11-20,103.98,104.09,101.98,103.09,103.09,27647362.0,0.0
2015-11-27,102.48,103.25,100.99,101.25,101.25,15446937.0,0.0
2015-12-04,101.53,104.21,100.53,104.02,104.02,38812575.0,0.0
2015-12-11,103.32,103.66,101.85,103.11,103.11,24483741.0,0.0
2015-12-18,102.58,103.2,100.2326,102.04,102.04,39189123.0,0.0
2015-12-24,102.95,103.52,102.21,103.05,103.05,15033937.0,0.0
2015-12-31,102.48,102.5962,101.31,101.46,101.46,13756951.0,0.0
2016-01-08,103.13,106.237,102.485,105.68,105.68,38665382.0,0.0
2016-01-15,105.47,105.566,102.4985,104.08,104.08,39178593.0,0.0
2016-01-22,104.06,106.16,103.65,105.0,105.0,24319639.0,0.0
2016-01-29,105.76,107.93,105.6,106.9492,106.9492,37549017.0,0.0
2016-02-05,107.54,112.35,107.35,112.32,112.32,60903995.0,0.0
2016-02-12,113.67,120.84,112.98,118.36,118.36,125929136.0,0.0
2016-02-19,116.0,118.595,114.74,117.58,117.58,53962581.0,0.0
2016-02-26,115.44,119.86,115.41,117.11,117.11,62655390.0,0.0
2016-03-04,117.59,122.37,117.34,120.54,120.54,69544975.0,0.0
2016-03-11,121.18,121.88,118.84,119.41,119.41,58498493.0,0.0
2016-03-18,120.27,121.18,117.34,119.8,119.8,68418214.0,0.0
2016-03-24,119.0,120.16,116.16,116.33,116.33,36302001.0,0.0
2016-04-01,116.73,118.81,115.55,116.93,116.93,48874125.0,0.0
2016-04-08,116.67,118.85,115.0,118.43,118.43,45038405.0,0.0
2016-04-15,119.47,120.345,116.95,117.92,117.92,49380923.0,0.0
2016-04-22,118.53,120.55,117.28,117.89,117.89,61734290.0,0.0
2016-04-29,118.14,123.93,118.11,123.65,123.65,56430142.0,0.0
2016-05-06,123.78,123.96,121.25,123.18,123.18,50813019.0,0.0
2016-05-13,121.2,122.39,120.08,121.71,121.71,41791149.0,0.0
2016-05-20,122.93,122.97,118.9201,119.71,119.71,53823625.0,0.0
2016-05-27,118.86,119.6,115.29,115.62,115.62,46480443.0,0.0
2016-06-03,115.76,118.89,115.2,118.88,118.88,35783821.0,0.0
2016-06-10,118.89,122.1,118.41,121.74,121.74,52266384.0,0.0
2016-06-17,122.8,125.67,122.03,123.95,123.95,81507751.0,0.0
2016-06-24,122.26,126.82,120.06,126.01,126.01,80800629.0,0.0
2016-07-01,126.44,128.42,125.06,128.41,128.41,80542662.0,0.0
2016-07-08,128.8,131.15,128.17,130.52,130.52,70545662.0,0.0
2016-07-15,129.49,129.895,126.03,126.84,126.84,70717432.0,0.0
2016-07-22,127.02,127.5,125.31,126.35,126.35,42553294.0,0.0
2016-07-29,125.53,129.41,125.11,128.98,128.98,60788876.0,0.0
2016-08-05,128.57,130.55,127.39,127.55,127.55,40886621.0,0.0
2016-08-12,127.29,129.26,127.2,127.4,127.4,45630094.0,0.0
2016-08-19,127.62,129.17,127.46,127.97,127.97,45404491.0,0.0
2016-08-26,127.63,128.22,125.82,126.05,126.05,55099391.0,0.0
2016-09-02,126.0,126.57,124.55,126.57,126.57,52959875.0,0.0
2016-09-09,127.4,129.08,126.7,126.75,126.75,47022514.0,0.0
2016-09-16,126.31,126.92,124.67,125.06,125.06,57801323.0,0.0
2016-09-23,125.61,128.2,125.17,127.65,127.65,47168404.0,0.0
2016-09-30,127.96,128.035,125.235,125.64,125.64,37473722.0,0.0
2016-10-07,125.32,125.46,118.42,119.74,119.74,83959889.0,0.0
2016-10-14,120.16,120.42,119.289,119.36,119.36,29190276.0,0.0
2016-10-21,119.7,121.59,119.58,120.83,120.83,28921887.0,0.0
2016-10-28,121.28,122.48,120.16,121.58,121.58,31504024.0,0.0
2016-11-04,121.51,124.76,121.23,124.39,124.39,55486502.0,0.0
2016-11-11,122.66,124.35,116.23,117.1,117.1,80381873.0,0.0
2016-11-18,116.12,117.27,114.96,115.15,115.15,56350637.0,0.0
2016-11-25,115.72,115.94,112.35,112.61,112.61,39374089.0,0.0
2016-12-02,113.23,113.84,110.63,112.14,112.14,41672994.0,0.0
2016-12-09,111.15,112.5,110.19,110.4,110.4,37108909.0,0.0
2016-12-16,110.59,111.11,107.0,108.05,108.05,52082062.0,0.0
2016-12-23,108.6,108.88,107.2942,107.93,107.93,27803847.0,0.0
2016-12-30,108.61,110.62,108.24,109.61,109.61,25214353.0,0.0
2017-01-06,109.62,112.94,109.37,111.75,111.75,29724303.0,0.0
2017-01-13,112.39,114.93,112.17,114.21,114.21,37405502.0,0.0
2017-01-20,115.89,115.96,113.935,115.05,115.05,34338997.0,0.0
2017-01-27,115.51,116.17,112.81,113.49,113.49,30966063.0,0.0
2017-02-03,113.61,116.57,113.535,116.13,116.13,41687478.0,0.0
2017-02-10,117.07,118.59,116.67,117.6,117.6,44051681.0,0.0
2017-02-17,116.73,118.4,116.15,117.68,117.68,35087900.0,0.0
2017-02-24,117.04,119.88,116.77,119.7,119.7,29556315.0,0.0
2017-03-03,119.73,120.4,116.44,117.51,117.51,48323048.0,0.0
2017-03-10,117.35,117.35,114.13,114.72,114.72,33691164.0,0.0
2017-03-17,114.63,117.29,114.02,116.99,116.99,38638340.0,0.0
2017-03-24,117.31,119.25,117.205,118.86,118.86,33936247.0,0.0
2017-03-31,119.93,120.08,118.32,118.72,118.72,35958821.0,0.0
2017-04-07,118.69,120.67,118.4,119.46,119.46,35882520.0,0.0
2017-04-13,119.04,122.65,118.85,122.6,122.6,36474148.0,0.0
2017-04-21,122.55,123.07,121.28,122.31,122.31,55241344.0,0.0
2017-04-28,120.77,121.51,119.87,120.77,120.77,48558387.0,0.0
2017-05-05,120.21,120.75,116.63,117.01,117.01,44576167.0,0.0
2017-05-12,117.03,117.16,115.56,116.83,116.83,28238959.0,0.0
2017-05-19,117.52,120.02,116.99,119.4,119.4,41027682.0,0.0
2017-05-26,119.63,120.79,118.915,120.54,120.54,31399570.0,0.0
2017-06-02,120.24,121.71,119.95,121.61,121.61,30838814.0,0.0
2017-06-09,121.91,123.31,120.4,120.54,120.54,39041335.0,0.0
2017-06-16,120.33,121.88,119.1275,119.34,119.34,43071186.0,0.0
2017-06-23,118.74,119.66,118.07,119.43,119.43,31198664.0,0.0
2017-06-30,118.29,119.06,117.91,118.02,118.02,31550631.0,0.0
2017-07-07,116.54,116.85,114.8,115.28,115.28,34965303.0,0.0
2017-07-14,115.02,117.25,114.83,116.77,116.77,26200340.0,0.0
2017-07-21,117.42,119.39,117.23,119.26,119.26,31242131.0,0.0
2017-07-28,119.52,120.8558,118.55,120.69,120.69,32164085.0,0.0
2017-08-04,120.5,121.14,119.2201,119.65,119.65,30175253.0,0.0
2017-08-11,119.43,122.83,118.97,122.79,122.79,37260985.0,0.0
2017-08-18,121.98,123.54,120.5828,122.3,122.3,42872009.0,0.0
2017-08-25,122.54,123.02,121.29,122.74,122.74,33673658.0,0.0
2017-09-01,123.33,126.17,123.33,126.06,126.06,51111092.0,0.0
2017-09-08,126.65,128.32,126.55,127.97,127.97,40885917.0,0.0
2017-09-15,126.74,126.94,125.41,125.53,125.53,38032875.0,0.0
2017-09-22,124.71,125.0599,122.49,123.24,123.24,39871398.0,0.0
2017-09-29,122.78,124.66,121.55,121.58,121.58,42010291.0,0.0
2017-10-06,121.17,121.34,119.7835,121.09,121.09,38175246.0,0.0
2017-10-13,121.64,123.86,121.551,123.82,123.82,30081337.0,0.0
2017-10-20,123.82,123.97,121.39,121.61,121.61,32952571.0,0.0
2017-10-27,120.98,121.9,120.21,120.9,120.9,27568280.0,0.0
2017-11-03,120.93,121.96,120.1844,120.62,120.62,25374056.0,0.0
2017-11-10,120.72,122.41,120.68,121.13,121.13,29873511.0,0.0
2017-11-17,121.43,123.17,120.77,122.86,122.86,30832213.0,0.0
2017-11-24,122.3,122.95,121.04,122.32,122.32,20304666.0,0.0
2017-12-01,123.26,123.33,120.64,121.59,121.59,37719629.0,0.0
2017-12-08,121.15,121.2,118.1,118.48,118.48,41759371.0,0.0
2017-12-15,118.37,119.5,117.4,119.18,119.18,37154566.0,0.0
2017-12-22,119.64,121.14,119.53,120.94,120.94,25820743.0,0.0
2017-12-29,121.55,124.085,121.51,123.65,123.65,28041923.0,0.0
2018-01-05,124.66,125.85,124.101,125.33,125.33,32736463.0,0.0
2018-01-12,125.2,127.13,124.23,126.96,126.96,42782894.0,0.0
2018-01-19,126.6,127.22,125.8,126.42,126.42,33277428.0,0.0
2018-01-26,126.51,129.515,126.28,128.07,128.07,45959918.0,0.0
2018-02-02,127.58,128.15,125.955,126.39,126.39,57755254.0,0.0
2018-02-09,126.82,127.31,124.39,124.77,124.77,61311570.0,0.0
2018-02-16,125.19,128.7,125.11,127.96,127.96,43956008.0,0.0
2018-02-23,127.28,127.4,125.44,126.14,126.14,28643554.0,0.0
2018-03-02,126.45,126.62,123.575,125.39,125.39,37716340.0,0.0
2018-03-09,125.35,126.9563,124.78,125.54,125.54,28155575.0,0.0
2018-03-16,125.04,125.99,124.21,124.6,124.6,24991905.0,0.0
2018-03-23,124.57,128.06,123.96,127.61,127.61,37591486.0,0.0
2018-03-29,128.05,128.58,125.31,125.79,125.79,29722589.0,0.0
2018-04-06,126.65,127.54,125.425,126.39,126.39,36447297.0,0.0
2018-04-13,126.45,129.47,126.23,127.45,127.45,36905097.0,0.0
2018-04-20,127.74,128.54,126.55,126.63,126.63,34678922.0,0.0
2018-04-27,125.62,126.34,124.69,125.5,125.5,30807701.0,0.0
2018-05-04,124.41,125.2,123.39,124.54,124.54,35737169.0,0.0
2018-05-11,124.5,125.59,123.79,125.0,125.0,22871699.0,0.0
2018-05-18,125.16,125.21,122.01,122.41,122.41,34226859.0,0.0
2018-05-25,122.16,123.82,121.97,123.21,123.21,32484266.0,0.0
2018-06-01,122.84,123.78,122.44,122.49,122.49,29508483.0,0.0
2018-06-08,122.85,123.35,122.281,123.01,123.01,22859693.0,0.0
2018-06-15,123.1,123.86,120.83,121.34,121.34,38900983.0,0.0
2018-06-22,121.35,121.44,119.821,120.34,120.34,23520587.0,0.0
2018-06-29,120.0,120.23,118.01,118.65,118.65,40219470.0,0.0
2018-07-06,118.18,119.33,117.4,118.86,118.86,28821861.0,0.0
2018-07-13,119.65,119.73,117.4465,117.61,117.61,24834602.0,0.0
2018-07-20,117.51,117.625,115.12,116.56,116.56,39122486.0,0.0
2018-07-27,116.25,116.8366,115.76,115.83,115.83,28154373.0,0.0
2018-08-03,115.8,116.35,114.42,114.92,114.92,29764924.0,0.0
2018-08-10,114.56,115.23,114.31,114.69,114.69,25820746.0,0.0
2018-08-17,113.81,113.81,111.06,112.13,112.13,44591020.0,0.0
2018-08-24,112.38,114.42,112.06,114.16,114.16,31286561.0,0.0
2018-08-31,114.12,114.8666,113.24,113.51,113.51,26562155.0,0.0
2018-09-07,112.75,114.26,112.61,113.23,113.23,19575440.0,0.0
2018-09-14,113.26,114.78,112.42,113.02,113.02,23435633.0,0.0
2018-09-21,113.6,114.37,112.79,113.49,113.49,24904375.0,0.0
2018-09-28,113.68,113.96,111.8499,112.76,112.76,29442149.0,0.0
2018-10-05,112.4,114.33,112.15,113.8,113.8,35955093.0,0.0
2018-10-12,112.25,116.04,111.9,115.23,115.23,70785825.0,0.0
2018-10-19,116.12,116.6,115.63,116.01,116.01,43856827.0,0.0
2018-10-26,115.57,117.65,115.43,116.77,116.77,50504894.0,0.0
2018-11-02,116.41,117.07,114.66,116.65,116.65,49835323.0,0.0
2018-11-09,116.28,116.67,114.14,114.48,114.48,43752644.0,0.0
2018-11-16,114.01,115.88,113.42,115.62,115.62,48245878.0,0.0
2018-11-23,115.45,116.35,115.37,115.77,115.77,30144455.0,0.0
2018-11-30,115.84,116.24,114.59,115.54,115.54,42127889.0,0.0
2018-12-07,116.6,118.23,116.295,118.09,118.09,35320346.0,0.0
2018-12-14,117.7,117.95,116.58,117.06,117.06,30283712.0,0.0
2018-12-21,117.37,119.74,117.35,118.72,118.72,62070364.0,0.0
2018-12-28,119.57,121.08,119.57,121.06,121.06,42769068.0,0.0
2019-01-04,120.98,122.46,120.69,121.44,121.44,50000804.0,0.0
2019-01-11,122.16,122.335,121.06,121.8,121.8,40967661.0,0.0
2019-01-18,122.15,122.44,121.02,121.02,121.02,40322818.0,0.0
2019-01-25,121.18,122.91,120.86,122.86,122.86,29887385.0,0.0
2019-02-01,122.75,125.23,122.7178,124.5,124.5,54931357.0,0.0
2019-02-08,123.99,124.42,123.4,124.21,124.21,29936331.0,0.0
2019-02-15,123.19,125.0,123.19,124.8,124.8,35200915.0,0.0
2019-02-22,125.98,127.21,125.05,125.5,125.5,38577664.0,0.0
2019-03-01,125.78,125.9,121.87,121.88,121.88,42195247.0,0.0
2019-03-08,121.56,122.89,121.03,122.84,122.84,38729634.0,0.0
2019-03-15,122.52,123.88,121.92,122.97,122.97,36566316.0,0.0
2019-03-22,123.3,124.42,122.65,123.97,123.97,39260601.0,0.0
2019-03-29,124.56,125.11,121.705,122.01,122.01,37912112.0,0.0
2019-04-05,122.4,122.43,120.96,121.98,121.98,36810903.0,0.0
2019-04-12,122.97,123.77,121.79,121.83,121.83,32231540.0,0.0
2019-04-18,121.2,121.82,120.15,120.37,120.37,23134841.0,0.0
2019-04-26,120.46,121.67,119.55,121.37,121.37,22858688.0,0.0
2019-05-03,120.88,121.55,119.54,120.65,120.65,36734472.0,0.0
2019-05-10,120.61,121.73,120.54,121.43,121.43,21271268.0,0.0
2019-05-17,122.63,122.85,120.33,120.65,120.65,39924817.0,0.0
2019-05-24,120.51,121.52,119.83,121.3,121.3,20312684.0,0.0
2019-05-31,120.8,123.4,120.46,123.33,123.33,31560731.0,0.0
2019-06-07,124.09,127.25,123.9,126.59,126.59,43506209.0,0.0
2019-06-14,125.46,127.63,124.884,126.56,126.56,30525241.0,0.0
2019-06-21,126.7,132.17,126.17,131.98,131.98,60438016.0,0.0
2019-06-28,132.77,135.55,132.26,133.2,133.2,71130174.0,0.0
2019-07-05,131.56,134.1,130.55,132.14,132.14,44540082.0,0.0
2019-07-12,132.18,133.87,131.1575,133.53,133.53,42427500.0,0.0
2019-07-19,133.18,136.63,132.13,134.47,134.47,59826526.0,0.0
2019-07-26,134.56,134.95,133.09,133.64,133.64,42225613.0,0.0
2019-08-02,134.06,136.6,132.305,135.89,135.89,78891393.0,0.0
2019-08-09,137.93,142.47,137.05,141.26,141.26,76256584.0,0.0
2019-08-16,141.67,144.02,139.35,142.78,142.78,98862917.0,0.0
2019-08-23,141.33,144.33,140.85,144.17,144.17,53294660.0,0.0
2019-08-30,144.35,145.68,143.02,143.75,143.75,60917045.0,0.0
2019-09-06,144.96,146.82,141.86,141.94,141.94,61365517.0,0.0
2019-09-13,142.37,143.1,140.06,140.15,140.15,57471392.0,0.0
2019-09-20,141.6,143.03,139.81,142.95,142.95,50395792.0,0.0
2019-09-27,143.19,144.77,140.16,141.06,141.06,50092958.0,0.0
2019-10-04,139.77,143.25,137.8,141.9,141.9,62040993.0,0.0
2019-10-11,141.16,142.58,138.91,140.03,140.03,44261046.0,0.0
2019-10-18,140.45,141.12,139.21,140.46,140.46,36134631.0,0.0
2019-10-25,140.72,142.83,139.6,141.86,141.86,28625860.0,0.0
2019-11-01,141.25,142.9,139.55,142.56,142.56,31362201.0,0.0
2019-11-08,142.2367,142.45,137.39,137.39,137.39,48465795.0,0.0
2019-11-15,137.61,138.94,136.19,138.21,138.21,37621764.0,0.0
2019-11-22,138.44,139.0,137.66,137.74,137.74,25218924.0,0.0
2019-11-29,137.32,138.1341,136.58,137.86,137.86,19815535.0,0.0
2019-12-06,137.314,139.57,137.3,137.62,137.62,37473407.0,0.0
2019-12-13,137.81,139.85,137.45,139.05,139.05,27777286.0,0.0
2019-12-20,139.2,139.55,138.8,139.52,139.52,21961819.0,0.0
2019-12-27,139.53,142.73,139.53,142.33,142.33,23942724.0,0.0
2020-01-03,142.57,146.32,142.46,145.86,145.86,30128303.0,0.0
2020-01-10,148.42,148.61,145.44,146.91,146.91,61116304.0,0.0
2020-01-17,146.35,146.99,145.082,146.58,146.58,37852829.0,0.0
2020-01-24,145.77,148.38,145.551,147.98,147.98,29174207.0,0.0
2020-01-31,149.21,149.68,147.53,149.33,149.33,46373518.0,0.0
2020-02-07,148.66,148.78,145.8,147.79,147.79,36936640.0,0.0
2020-02-14,148.21,149.13,147.01,149.0,149.0,28394867.0,0.0
2020-02-21,149.88,155.2219,149.47,154.7,154.7,45536052.0,0.0
2020-02-28,158.36,158.53,147.05,148.38,148.38,143555545.0,0.0
2020-03-06,149.97,159.25,149.04,157.55,157.55,101881424.0,0.0
2020-03-13,158.5,159.37,141.58,143.28,143.28,129193063.0,0.0
2020-03-20,137.56,146.2,136.12,140.11,140.11,111317734.0,0.0
2020-03-27,142.675,155.66,142.28,152.25,152.25,87777155.0,0.0
2020-04-03,152.41,153.09,147.85,152.65,152.65,54773855.0,0.0
2020-04-09,154.1699,159.08,153.96,158.69,158.69,49433649.0,0.0
2020-04-17,159.17,164.42,158.12,158.57,158.57,73530732.0,0.0
2020-04-24,158.62,163.6,157.04,162.64,162.64,62148781.0,0.0
2020-05-01,161.88,162.0,157.8,159.78,159.78,56133234.0,0.0
2020-05-08,160.33,162.0,158.1,160.42,160.42,57806347.0,0.0
2020-05-15,160.34,164.8,158.89,163.93,163.93,63502802.0,0.0
2020-05-22,164.33,164.9599,161.37,163.21,163.21,53651664.0,0.0
2020-05-29,162.58,163.4,159.2,162.91,162.91,49329472.0,0.0
2020-06-05,162.9235,164.08,157.035,158.01,158.01,61614360.0,0.0
2020-06-12,158.9,164.06,158.47,162.62,162.62,49813400.0,0.0
2020-06-19,160.52,164.09,160.16,164.03,164.03,38810648.0,0.0
2020-06-26,165.06,166.99,164.22,166.54,166.54,52161737.0,0.0
2020-07-02,166.56,167.99,165.34,166.98,166.98,41416301.0,0.0
2020-07-10,167.75,170.86,167.19,169.19,169.19,52066287.0,0.0
2020-07-17,170.29,170.43,168.65,170.12,170.12,50196331.0,0.0
2020-07-24,170.76,179.16,170.27,178.7,178.7,80162275.0,0.0
2020-07-31,181.85,186.14,181.42,185.43,185.43,101866574.0,0.0
2020-08-07,185.05,194.4499,184.2,190.81,190.81,106074206.0,0.0
2020-08-14,191.2,192.61,179.04,182.54,182.54,123570393.0,0.0
2020-08-21,184.69,189.4,180.47,182.03,182.03,85685291.0,0.0
2020-08-28,182.91,185.4,179.37,184.39,184.39,63877649.0,0.0
2020-09-04,184.79,186.99,180.05,181.64,181.64,56221924.0,0.0
2020-09-11,179.5,184.68,179.02,182.45,182.45,38459213.0,0.0
2020-09-18,183.57,185.01,181.48,183.2,183.2,49216679.0,0.0
2020-09-25,179.84,180.29,173.77,174.94,174.94,62086451.0,0.0
2020-10-02,175.83,179.5,175.09,178.54,178.54,42134930.0,0.0
2020-10-09,179.02,181.17,176.43,181.08,181.08,44523885.0,0.0
2020-10-16,180.57,180.83,177.1,178.3,178.3,36411637.0,0.0
2020-10-23,179.41,181.31,177.72,178.64,178.64,35053412.0,0.0
2020-10-30,178.75,179.43,174.83,176.2,176.2,38445099.0,0.0
2020-11-06,177.4499,183.53,177.1301,183.19,183.19,51673864.0,0.0
2020-11-13,176.42,177.8,173.64,177.16,177.16,64190809.0,0.0
2020-11-20,177.23,177.91,174.17,175.69,175.69,37318269.0,0.0
2020-11-27,175.1,175.24,166.78,167.79,167.79,55189498.0,0.0
2020-12-04,166.68,173.32,166.03,172.32,172.32,56422716.0,0.0
2020-12-11,172.56,175.93,171.24,172.49,172.49,40295582.0,0.0
2020-12-18,171.91,177.87,170.91,176.44,176.44,38933463.0,0.0
2020-12-24,176.29,176.94,174.34,176.35,176.35,27854537.0,0.0
2020-12-31,177.26,178.4,175.57,178.36,178.36,27189150.0,0.0
2021-01-08,181.97,183.21,171.48,173.34,173.34,77013793.0,0.0
2021-01-15,172.14,174.46,170.975,171.13,171.13,62084203.0,0.0
2021-01-22,172.71,175.51,171.92,173.9,173.9,31461494.0,0.0
2021-01-29,174.8199,175.1633,171.66,172.61,172.61,40304045.0,0.0
2021-02-05,175.02,175.26,167.34,169.81,169.81,41175491.0,0.0
2021-02-12,171.9799,173.22,169.88,170.69,170.69,29986612.0,0.0
2021-02-19,168.14,170.065,165.73,167.01,167.01,41785534.0,0.0
2021-02-26,168.54,169.89,160.95,161.81,161.81,66429484.0,0.0
2021-03-05,163.03,163.35,158.43,159.14,159.14,64251107.0,0.0
2021-03-12,158.58,161.98,157.1297,161.49,161.49,45837135.0,0.0
2021-03-19,162.305,164.15,161.11,163.24,163.24,43884900.0,0.0
2021-03-26,162.27,163.5799,161.32,162.24,162.24,32024427.0,0.0
2021-04-01,161.46,162.11,157.55,161.98,161.98,34491561.0,0.0
2021-04-09,161.52,164.77,161.36,163.27,163.27,31593401.0,0.0
2021-04-16,162.73,166.811,161.81,166.35,166.35,36513116.0,0.0
2021-04-23,165.91,168.39,165.62,166.4,166.4,35421508.0,0.0
2021-04-30,166.63,167.15,164.47,165.66,165.66,32398667.0,0.0
2021-05-07,167.61,172.5501,165.5,171.59,171.59,53554819.0,0.0
2021-05-14,172.74,172.84,170.225,172.69,172.69,47056102.0,0.0
2021-05-21,173.3,177.0,173.28,176.04,176.04,57471936.0,0.0
2021-05-28,176.15,178.61,175.87,178.38,178.38,41000942.0,0.0
2021-06-04,178.76,178.85,174.66,177.16,177.16,34285519.0,0.0
2021-06-11,176.96,177.9,175.48,175.74,175.74,37694492.0,0.0
2021-06-18,173.16,175.06,164.87,164.93,164.93,74300209.0,0.0
2021-06-25,166.52,168.03,165.97,166.59,166.59,38446217.0,0.0
2021-07-02,166.68,167.715,164.01,167.29,167.29,37220227.0,0.0
2021-07-09,169.27,169.855,167.54,169.21,169.21,27282632.0,0.0
2021-07-16,168.7,171.3,167.64,169.41,169.41,39166508.0,0.0
2021-07-23,169.51,170.8,167.95,168.56,168.56,28495072.0,0.0
2021-07-30,168.58,171.52,167.72,169.82,169.82,34919937.0,0.0
2021-08-06,169.3,171.4,164.55,164.64,164.64,47422817.0,0.0
2021-08-13,163.01,166.46,160.68,166.39,166.39,38410482.0,0.0
2021-08-20,166.73,167.73,166.16,166.7,166.7,36675335.0,0.0
2021-08-27,168.82,170.19,166.74,170.19,170.19,32706769.0,0.0
2021-09-03,169.66,171.55,168.75,171.06,171.06,27824270.0,0.0
2021-09-10,169.56,169.78,166.7,167.18,167.18,30651383.0,0.0
2021-09-17,167.45,169.16,163.233,163.77,163.77,39172201.0,0.0
2021-09-24,164.29,167.15,162.74,163.3,163.3,39915249.0,0.0
2021-10-01,163.85,164.96,160.97,164.59,164.59,39815910.0,0.0
2021-10-08,163.69,166.42,163.47,164.23,164.23,32663711.0,0.0
2021-10-15,164.04,168.22,163.91,165.33,165.33,34174497.0,0.0
2021-10-22,165.42,169.54,164.81,167.77,167.77,30756419.0,0.0
2021-10-29,168.66,169.25,165.64,166.65,166.65,31895905.0,0.0
2021-11-05,167.38,169.94,164.38,169.84,169.84,33647972.0,0.0
2021-11-12,170.43,174.67,170.06,174.45,174.45,35711911.0,0.0
2021-11-19,174.1,174.605,172.235,172.61,172.61,35861890.0,0.0
2021-11-26,169.9,170.44,166.32,166.85,166.85,36118530.0,0.0
2021-12-03,166.84,169.01,164.63,166.63,166.63,47257750.0,0.0
2021-12-10,166.14,167.08,165.65,166.58,166.58,25367657.0,0.0
2021-12-17,166.9,169.125,163.8,167.8,167.8,50533725.0,0.0
2021-12-23,167.88,169.16,166.74,168.97,168.97,20745528.0,0.0
2021-12-31,168.96,171.04,167.28,170.96,170.96,27536037.0,0.0
2022-01-07,168.86,170.93,166.86,167.75,167.75,43790203.0,0.0
2022-01-14,167.36,170.75,167.31,169.67,169.67,36520443.0,0.0
2022-01-21,169.6401,172.5999,169.09,171.09,171.09,45361131.0,0.0
2022-01-28,171.78,173.1499,166.365,167.1,167.1,76575260.0,0.0
2022-02-04,167.79,169.12,167.03,168.86,168.86,47658870.0,0.0
2022-02-11,169.45,174.2,169.19,173.81,173.81,58036643.0,0.0
2022-02-18,173.78,177.53,172.39,177.12,177.12,70402988.0,0.0
2022-02-25,177.67,182.6,175.27,176.55,176.55,70833090.0,0.0
2022-03-04,178.86,183.98,176.5,183.68,183.68,94963306.0,0.0
2022-03-11,184.45,193.3,183.44,185.09,185.09,135419062.0,0.0
2022-03-18,183.03,183.29,176.87,179.3,179.3,72586277.0,0.0
2022-03-25,179.33,183.51,178.3231,182.38,182.38,51327915.0,0.0
2022-04-01,180.38,181.96,176.69,179.5,179.5,51188731.0,0.0
2022-04-08,180.2439,181.82,178.7,181.47,181.47,47587813.0,0.0
2022-04-14,183.17,184.94,181.11,184.04,184.04,42314692.0,0.0
2022-04-22,185.95,186.1,179.74,180.29,180.29,47140552.0,0.0
2022-04-29,177.17,178.615,175.5,176.91,176.91,44907384.0,0.0
2022-05-06,173.6121,177.61,172.98,175.42,175.42,52436331.0,0.0
2022-05-13,174.27,174.27,168.01,168.79,168.79,55590298.0,0.0
2022-05-20,168.43,172.5197,168.34,172.03,172.03,38391560.0,0.0
2022-05-27,173.13,174.41,171.73,172.85,172.85,27223264.0,0.0
2022-06-03,172.71,174.45,171.08,172.58,172.58,24333019.0,0.0
2022-06-10,172.81,174.94,170.46,174.54,174.54,34324174.0,0.0
2022-06-17,171.18,172.77,168.3,171.27,171.27,45844253.0,0.0
2022-06-24,171.06,172.3,169.85,170.09,170.09,24845483.0,0.0
2022-07-01,170.595,170.7,166.96,168.32,168.32,34014433.0,0.0
2022-07-08,167.18,167.33,161.47,162.3,162.3,35069100.0,0.0
2022-07-15,161.93,162.705,158.22,159.01,159.01,37150779.0,0.0
2022-07-22,160.08,162.13,158.025,160.67,160.67,25980909.0,0.0
2022-07-29,160.64,164.69,159.51,164.1,164.1,25238874.0,0.0
2022-08-05,164.98,167.31,163.475,165.29,165.29,26335350.0,0.0
2022-08-12,166.03,167.98,165.93,167.87,167.87,20337723.0,0.0
2022-08-19,165.99,166.25,162.615,162.72,162.72,26915933.0,0.0
2022-08-26,161.66,163.985,161.36,161.76,161.76,21632346.0,0.0
2022-09-02,161.88,162.62,157.32,159.26,159.26,27466563.0,0.0
2022-09-09,159.17,160.24,158.08,159.82,159.82,16902113.0,0.0
2022-09-16,161.04,161.62,154.34,155.84,155.84,37477416.0,0.0
2022-09-23,154.87,157.25,152.64,153.01,153.01,34902326.0,0.0
2022-09-30,153.22,156.045,151.0301,154.67,154.67,37518505.0,0.0
2022-10-07,155.438,161.08,155.23,157.88,157.88,34425705.0,0.0
2022-10-14,155.94,156.81,152.72,152.98,152.98,27974354.0,0.0
2022-10-21,154.92,155.33,151.27,154.15,154.15,29051745.0,0.0
2022-10-28,153.45,155.73,152.5,153.16,153.16,20858694.0,0.0
2022-11-04,152.16,156.6,150.5703,156.47,156.47,30992524.0,0.0
2022-11-11,156.22,164.58,155.81,164.56,164.56,36328252.0,0.0
2022-11-18,164.2,166.23,162.68,162.79,162.79,28636096.0,0.0
2022-11-25,162.44,163.43,161.28,163.22,163.22,13573862.0,0.0
2022-12-02,162.93,167.95,161.91,167.26,167.26,25361022.0,0.0
2022-12-09,166.55,168.085,164.3201,167.06,167.06,22293776.0,0.0
2022-12-16,166.438,169.79,165.1,166.79,166.79,29640449.0,0.0
2022-12-23,166.71,169.71,165.99,167.26,167.26,24318659.0,0.0
2022-12-30,167.89,170.61,167.1,169.64,169.64,16758500.0,0.0
2023-01-06,171.32,173.96,169.79,173.71,173.71,28149124.0,0.0
2023-01-13,174.51,178.825,173.72,178.76,178.76,27312802.0,0.0
2023-01-20,178.21,180.03,176.9,179.29,179.29,24429003.0,0.0
2023-01-27,178.35,181.22,177.78,179.22,179.22,28708340.0,0.0
2023-02-03,179.286,181.73,173.12,173.46,173.46,40700456.0,0.0
2023-02-10,174.11,175.52,172.63,173.36,173.36,28159219.0,0.0
2023-02-17,172.7,173.51,169.52,171.26,171.26,24159419.0,0.0
2023-02-24,171.2,171.5,168.19,168.35,168.35,19711583.0,0.0
2023-03-03,168.88,172.595,168.55,172.49,172.49,28707936.0,0.0
2023-03-10,172.32,173.88,168.52,173.87,173.87,38082404.0,0.0
2023-03-17,176.66,184.81,176.21,183.77,183.77,80040682.0,0.0
2023-03-24,184.19,186.24,179.9,183.65,183.65,55149956.0,0.0
2023-03-31,181.15,184.4401,180.69,183.22,183.22,32487766.0,0.0
2023-04-06,183.85,188.86,183.32,186.49,186.49,41061251.0,0.0
2023-04-14,185.18,190.41,184.19,186.36,186.36,49773203.0,0.0
2023-04-21,185.89,187.03,183.22,184.25,184.25,39372092.0,0.0
2023-04-28,184.07,186.65,183.38,184.8,184.8,40485755.0,0.0
2023-05-05,186.05,191.36,183.91,187.46,187.46,59341305.0,0.0
2023-05-12,187.82,189.64,186.58,186.81,186.81,37899333.0,0.0
2023-05-19,187.3,187.88,181.335,183.64,183.64,39767736.0,0.0
2023-05-26,183.22,183.84,180.09,180.92,180.92,30655098.0,0.0
2023-06-02,181.72,184.21,180.96,181.05,181.05,29368259.0,0.0
2023-06-09,180.79,183.04,180.15,182.04,182.04,30558185.0,0.0
2023-06-16,181.8,182.618,180.14,181.63,181.63,32327244.0,0.0
2023-06-23,180.06,180.09,177.63,178.2,178.2,27656917.0,0.0
2023-06-30,179.05,179.29,175.79,178.27,178.27,27409122.0,0.0
2023-07-07,178.61,179.65,176.66,178.64,178.64,20071904.0,0.0
2023-07-14,178.37,182.17,178.2601,181.43,181.43,23119985.0,0.0
2023-07-21,180.99,184.23,180.64,182.18,182.18,25125298.0,0.0
2023-07-28,182.22,183.64,180.32,181.86,181.86,26040556.0,0.0
2023-08-04,182.43,183.09,179.28,180.19,180.19,28100090.0,0.0
2023-08-11,180.15,180.15,177.49,177.6,177.6,26541577.0,0.0
2023-08-18,176.86,177.58,174.93,175.33,175.33,37887297.0,0.0
2023-08-25,175.9,178.49,174.96,177.62,177.62,29707311.0,0.0
2023-09-01,177.65,181.12,177.51,180.11,180.11,28677373.0,0.0
2023-09-08,179.33,179.4438,177.7,178.08,178.08,20034970.0,0.0
2023-09-15,178.97,179.105,176.36,178.34,178.34,23814578.0,0.0
2023-09-22,178.82,180.66,177.69,178.62,178.62,29815047.0,0.0
2023-09-29,178.41,178.71,171.265,171.45,171.45,44172033.0,0.0
2023-10-06,170.23,170.46,168.3,169.7,169.7,51119119.0,0.0
2023-10-13,171.18,179.095,171.075,178.83,178.83,47889092.0,0.0
2023-10-20,177.84,185.23,177.535,183.59,183.59,56730314.0,0.0
2023-10-27,183.5099,186.36,181.68,186.15,186.15,47935018.0,0.0
2023-11-03,185.54,186.21,182.67,184.79,184.79,43783634.0,0.0
2023-11-10,184.14,184.23,179.245,179.51,179.51,35906669.0,0.0
2023-11-17,179.4,184.32,179.11,183.67,183.67,30251591.0,0.0
2023-11-24,182.32,186.115,182.225,185.52,185.52,19499110.0,0.0
2023-12-01,186.56,192.395,185.93,192.01,192.01,49915257.0,0.0
2023-12-08,189.599,190.38,184.9,185.64,185.64,44903205.0,0.0
2023-12-15,184.5,189.82,183.1513,187.0,187.0,41643919.0,0.0
2023-12-22,187.5,191.88,187.24,190.27,190.27,29160624.0,0.0
2023-12-29,190.97,193.1823,190.4,191.17,191.17,21013385.0,0.0
2024-01-05,191.44,191.89,188.16,189.35,189.35,26525731.0,0.0
2024-01-12,187.21,191.08,186.56,189.71,189.71,28821727.0,0.0
2024-01-19,189.15,189.26,185.45,187.93,187.93,25596120.0,0.0
2024-01-26,187.23,188.37,186.32,187.01,187.01,25089403.0,0.0
2024-02-02,188.31,191.36,187.1899,188.61,188.61,36107979.0,0.0
2024-02-09,186.875,189.39,186.7,187.6,187.6,24865162.0,0.0
2024-02-16,186.6,187.27,183.78,186.34,186.34,34010994.0,0.0
2024-02-23,187.96,189.18,187.05,188.62,188.62,22699197.0,0.0
2024-03-01,187.79,193.4,187.53,192.89,192.89,32741080.0,0.0
2024-03-08,194.15,203.3,193.88,201.63,201.63,54291690.0,0.0
2024-03-15,201.71,202.41,199.16,199.71,199.71,33526549.0,0.0
2024-03-22,199.66,203.92,198.935,200.35,200.35,35773152.0,0.0
2024-03-28,201.19,206.05,200.965,205.72,205.72,25022880.0,0.0
2024-04-05,208.68,215.74,206.29,215.14,215.14,62776202.0,0.0
2024-04-12,215.98,225.09,214.61,216.89,216.89,78910174.0,0.0
2024-04-19,217.94,222.36,215.16,221.03,221.03,50691981.0,0.0
2024-04-26,216.35,217.0676,213.87,216.62,216.62,42750673.0,0.0
2024-05-03,216.02,217.215,210.71,212.96,212.96,42999242.0,0.0
2024-05-10,215.14,219.6,213.5,218.71,218.71,33397334.0,0.0
2024-05-17,217.06,223.8501,215.8,223.66,223.66,33640326.0,0.0
2024-05-24,223.79,225.66,215.66,215.92,215.92,32646880.0,0.0
2024-05-31,218.43,218.59,214.65,215.3,215.3,16683122.0,0.0
2024-06-07,215.92,219.97,211.54,211.6,211.6,34640180.0,0.0
2024-06-14,213.13,216.55,212.26,215.73,215.73,27073204.0,0.0
2024-06-21,214.9,218.7413,213.6,214.78,214.78,25025001.0,0.0
2024-06-28,215.55,215.94,212.1204,215.01,215.01,22097882.0,0.0
2024-07-05,215.25,221.28,214.485,220.93,220.93,19725456.0,0.0
2024-07-12,219.64,224.1489,217.265,223.11,223.11,29754769.0,0.0
2024-07-19,223.39,229.65,221.41,221.73,221.73,39561928.0,0.0
2024-07-26,221.58,224.88,217.52,220.63,220.63,32714381.0,0.0
2024-08-02,221.26,228.76,219.045,225.34,225.34,35247751.0,0.0
2024-08-09,220.56,225.28,220.11,224.56,224.56,39357166.0,0.0
2024-08-16,226.14,232.02,225.12,231.99,231.99,34961838.0,0.0
2024-08-23,230.15,234.01,228.26,232.02,232.02,30759356.0,0.0
2024-08-30,233.45,233.61,230.5501,231.29,231.29,23815596.0,0.0
2024-09-06,230.38,232.89,228.52,230.63,230.63,22200548.0,0.0
2024-09-13,231.26,238.98,230.39,238.68,238.68,29964531.0,0.0
2024-09-20,238.73,242.625,235.3,242.21,242.21,34897416.0,0.0
2024-09-27,242.97,247.37,242.585,245.02,245.02,36576658.0,0.0
2024-10-04,243.97,246.98,242.5,245.0,245.0,35949760.0,0.0
2024-10-11,244.58,245.92,240.63,245.47,245.47,26221555.0,0.0
2024-10-18,245.16,251.37,244.26,251.27,251.27,28005446.0,0.0
2024-10-25,252.74,253.94,250.2,253.32,253.32,33482532.0,0.0
2024-11-01,253.01,257.71,252.2,252.47,252.47,35694615.0,0.0
2024-11-08,253.32,253.9893,244.9506,247.96,247.96,40300897.0,0.0
2024-11-15,242.73,242.73,236.1326,236.59,236.59,45792960.0,0.0
2024-11-22,240.46,250.39,240.45,249.84,249.84,34872218.0,0.0
2024-11-29,244.27,245.81,241.48,245.59,245.59,25310262.0,0.0
2024-12-06,244.46,245.34,242.15,242.95,242.95,21278308.0,0.0
2024-12-13,246.28,251.26,244.27,244.29,244.29,37139451.0,0.0
2024-12-20,245.41,245.54,238.73,242.1,242.1,33388596.0,0.0
2024-12-27,241.6,243.56,240.65,241.4,241.4,17636724.0,0.0
2025-01-03,241.08,245.53,239.58,243.49,243.49,17162086.0,0.0
2025-01-10,242.33,249.04,242.05,248.21,248.21,27532701.0,0.0
2025-01-17,246.34,251.39,245.151,249.27,249.27,37257261.0,0.0
2025-01-24,251.95,257.07,251.83,255.65,255.65,26734759.0,0.0
2025-01-31,253.86,259.99,251.92,258.56,258.56,38750278.0,0.0
2025-02-07,259.75,266.345,259.5236,263.9,263.9,51938107.0,0.0
2025-02-14,268.0,270.39,265.45,266.29,266.29,49642628.0,0.0
2025-02-21,269.68,271.84,269.24,270.74,270.74,33802732.0,0.0
2025-02-28,271.45,272.32,261.25,263.27,263.27,43609287.0,0.0
2025-03-07,265.07,270.34,265.07,268.39,268.39,39765027.0,0.0
2025-03-14,267.62,276.3,265.64,275.24,275.24,50114114.0,0.0
2025-03-21,275.54,281.479,275.39,278.49,278.49,42224731.0,0.0
2025-03-28,278.91,284.64,276.86,284.06,284.06,34742126.0,0.0
2025-04-04,287.53,289.13,278.02,279.72,279.72,82964983.0,0.0
2025-04-11,278.855,299.275,272.58,297.93,297.93,98706635.0,0.0
2025-04-17,295.54,308.0599,294.53,306.12,306.12,59417628.0,0.0
2025-04-25,315.015,317.63,300.59,304.73,304.73,102572571.0,0.0
2025-05-02,304.15,309.11,295.32,297.98,297.98,48206912.0,0.0
2025-05-09,305.92,315.62,303.05,306.84,306.84,47119969.0,0.0
2025-05-16,298.33,300.3,291.78,294.24,294.24,67080854.0,0.0
2025-05-23,297.845,310.25,296.482,309.75,309.75,59965397.0,0.0
2025-05-30,303.81,306.89,301.5,303.6,303.6,37437491.0,0.0
2025-06-06,309.21,312.2,305.1,305.18,305.18,49014362.0,0.0
2025-06-13,305.39,317.6,305.06,316.29,316.29,51603860.0,0.0
2025-06-20,314.8,314.87,309.25,310.13,310.13,39248051.0,0.0
2025-06-27,310.34,312.67,299.89,301.22,301.22,51545073.0,0.0
2025-07-03,302.385,309.395,301.95,307.14,307.14,31119948.0,0.0
2025-07-11,305.07,310.28,302.77,309.14,309.14,46083126.0,0.0
2025-07-18,309.07,311.09,305.12,308.39,308.39,43831526.0,0.0
2025-07-25,311.88,316.24,306.2,307.4,307.4,52310274.0,0.0
2025-08-01,306.44,309.55,300.955,309.11,309.11,50300469.0,0.0
2025-08-08,310.8,313.53,309.84,313.05,313.05,52833142.0,0.0
2025-08-15,308.62,310.39,306.52,307.43,307.43,36554851.0,0.0
2025-08-22,307.79,311.025,305.19,310.58,310.58,31030957.0,0.0
2025-08-29,309.67,318.09,309.67,318.07,318.07,45315803.0,0.0
2025-09-05,320.82,331.44,320.24,331.05,331.05,64796980.0,0.0
2025-09-12,333.66,338.31,326.19,335.42,335.42,70907286.0,0.0
2025-09-19,336.31,341.24,333.81,339.18,339.18,69162549.0,0.0
2025-09-26,342.75,348.75,341.84,346.74,346.74,67817264.0,0.0
2025-10-03,351.79,358.67,350.865,357.64,357.64,75231596.0,0.0
2025-10-10,362.16,373.57,361.37,369.12,369.12,119850303.0,0.0
2025-10-17,376.5,397.28,375.5797,388.99,388.99,153168786.0,0.0
2025-10-24,397.45,403.3,368.93,377.52,377.52,146107862.0,0.0
2025-10-29,371.13,371.59,360.12,363.0,363.0,61807044.0,0.0
