Date,price,position,pnl,cum
2015-05-26 00:00:00-04:00,113.91000366210938,1.0,-0.001,0.999
2015-05-27 00:00:00-04:00,113.88999938964844,0.0,-0.001,0.998001
2015-05-28 00:00:00-04:00,114.0199966430664,1.0,0.00014142816853668447,0.9981421454536279
2015-05-29 00:00:00-04:00,114.0999984741211,0.0,-0.001,0.9971440033081743
2015-06-01 00:00:00-04:00,114.0,1.0,-0.0018764108278561667,0.995272951503435
2015-06-02 00:00:00-04:00,114.45999908447266,0.0,-0.001,0.9942776785519315
2015-06-03 00:00:00-04:00,113.63999938964844,1.0,-0.0081640721770323,0.9861603238202215
2015-06-04 00:00:00-04:00,112.83999633789062,1.0,-0.007039801619628361,0.9792179507753787
2015-06-05 00:00:00-04:00,112.23999786376952,1.0,-0.005317250031845577,0.9740112040954345
2015-06-08 00:00:00-04:00,112.56999969482422,0.0,-0.001,0.973037192891339
2015-06-09 00:00:00-04:00,112.81999969482422,0.0,0.0,0.973037192891339
2015-06-10 00:00:00-04:00,113.77999877929688,0.0,0.0,0.973037192891339
2015-06-11 00:00:00-04:00,113.26000213623048,1.0,-0.005570193783136278,0.9676171871687353
2015-06-12 00:00:00-04:00,113.2300033569336,0.0,-0.001,0.9666495699815666
2015-06-15 00:00:00-04:00,113.7300033569336,0.0,0.0,0.9666495699815666
2015-06-16 00:00:00-04:00,113.31999969482422,0.0,-0.0,0.9666495699815666
2015-06-17 00:00:00-04:00,113.8499984741211,0.0,0.0,0.9666495699815666
2015-06-18 00:00:00-04:00,115.31999969482422,1.0,0.011911736850284238,0.9781640452856275
2015-06-19 00:00:00-04:00,115.12000274658205,1.0,-0.0017342780850800876,0.9764676368182753
2015-06-22 00:00:00-04:00,113.63999938964844,1.0,-0.012856178957809772,0.96391399413283
2015-06-23 00:00:00-04:00,112.88999938964844,0.0,-0.001,0.9629500801386971
2015-06-24 00:00:00-04:00,112.58999633789062,0.0,-0.0,0.9629500801386971
2015-06-25 00:00:00-04:00,112.44000244140624,0.0,-0.0,0.9629500801386971
2015-06-26 00:00:00-04:00,112.55999755859376,0.0,0.0,0.9629500801386971
2015-06-29 00:00:00-04:00,113.06999969482422,0.0,0.0,0.9629500801386971
2015-06-30 00:00:00-04:00,112.37000274658205,0.0,-0.0,0.9629500801386971
2015-07-01 00:00:00-04:00,111.9800033569336,0.0,-0.0,0.9629500801386971
2015-07-02 00:00:00-04:00,111.76000213623048,0.0,-0.0,0.9629500801386971
2015-07-06 00:00:00-04:00,112.05999755859376,0.0,0.0,0.9629500801386971
2015-07-07 00:00:00-04:00,110.76000213623048,1.0,-0.012600887477117295,0.9508160545327883
2015-07-08 00:00:00-04:00,111.08999633789062,0.0,-0.001,0.9498652384782554
2015-07-09 00:00:00-04:00,111.36000061035156,0.0,0.0,0.9498652384782554
2015-07-10 00:00:00-04:00,111.48999786376952,0.0,0.0,0.9498652384782554
2015-07-13 00:00:00-04:00,110.98999786376952,1.0,-0.00548470723455352,0.9446555057329229
2015-07-14 00:00:00-04:00,110.73999786376952,0.0,-0.001,0.9437108502271899
2015-07-15 00:00:00-04:00,110.16000366210938,0.0,-0.0,0.9437108502271899
2015-07-16 00:00:00-04:00,109.76000213623048,0.0,-0.0,0.9437108502271899
2015-07-17 00:00:00-04:00,108.6500015258789,1.0,-0.011112979124889955,0.933223411248683
2015-07-20 00:00:00-04:00,105.6999969482422,1.0,-0.02715144534014624,0.9078850468080196
2015-07-21 00:00:00-04:00,105.37000274658205,1.0,-0.003121988752958438,0.9050506399029058
2015-07-22 00:00:00-04:00,104.8000030517578,1.0,-0.00540950631077719,0.9001547627547781
2015-07-23 00:00:00-04:00,104.33000183105467,1.0,-0.004484744341763047,0.8961177987758026
2015-07-24 00:00:00-04:00,105.3499984741211,0.0,-0.001,0.8952216809770267
2015-07-27 00:00:00-04:00,104.86000061035156,1.0,-0.00565114258060384,0.8901626556165777
2015-07-28 00:00:00-04:00,105.0199966430664,1.0,0.0015258061394580746,0.8915208712616338
2015-07-29 00:00:00-04:00,105.16999816894533,1.0,0.0014283139466166883,0.8927942429557567
2015-07-30 00:00:00-04:00,104.2699966430664,1.0,-0.008557588110186698,0.8851540775573954
2015-07-31 00:00:00-04:00,104.93000030517578,1.0,0.006329756242044127,0.8907568871049851
2015-08-03 00:00:00-04:00,104.0999984741211,1.0,-0.007910052688847147,0.8837109531950312
2015-08-04 00:00:00-04:00,104.30999755859376,1.0,0.0020172823011603835,0.8854936476602532
2015-08-05 00:00:00-04:00,103.93000030517578,1.0,-0.0036429610038531957,0.8822678288326672
2015-08-06 00:00:00-04:00,104.38999938964844,1.0,0.004426047177157111,0.8861727878659685
2015-08-07 00:00:00-04:00,104.6500015258789,1.0,0.002490680503407061,0.8883799611513562
2015-08-10 00:00:00-04:00,105.72000122070312,1.0,0.010224554985406531,0.8974632509120816
2015-08-11 00:00:00-04:00,106.26000213623048,1.0,0.005107840610028447,0.9020473501510985
2015-08-12 00:00:00-04:00,107.75,1.0,0.0140221892886776,0.9146960288422672
2015-08-13 00:00:00-04:00,106.86000061035156,1.0,-0.00825985512434746,0.9071407721612141
2015-08-14 00:00:00-04:00,106.8499984741211,1.0,-9.360037594363657e-05,0.9070558634439061
2015-08-17 00:00:00-04:00,107.12999725341795,1.0,0.0026204846354271893,0.909432789397535
2015-08-18 00:00:00-04:00,107.11000061035156,1.0,-0.0001866577389999513,0.9092630367292936
2015-08-19 00:00:00-04:00,108.5500030517578,1.0,0.013444145581183564,0.9214873013666713
2015-08-20 00:00:00-04:00,110.44000244140624,1.0,0.017411325071518213,0.9375316163200426
2015-08-21 00:00:00-04:00,111.12999725341795,1.0,0.006247689213677798,0.9433890224868072
2015-08-24 00:00:00-04:00,110.52999877929688,0.0,-0.001,0.9424456334643204
2015-08-25 00:00:00-04:00,109.16000366210938,0.0,-0.0,0.9424456334643204
2015-08-26 00:00:00-04:00,107.66999816894533,1.0,-0.014649738394807765,0.9286390514827393
2015-08-27 00:00:00-04:00,107.7300033569336,1.0,0.0005573064828525709,0.9291565880463607
2015-08-28 00:00:00-04:00,108.6999969482422,0.0,-0.001,0.9282274314583143
2015-08-31 00:00:00-04:00,108.81999969482422,0.0,0.0,0.9282274314583143
2015-09-01 00:00:00-04:00,109.1999969482422,0.0,0.0,0.9282274314583143
2015-09-02 00:00:00-04:00,108.62000274658205,1.0,-0.006311302361437398,0.9223691074782004
2015-09-03 00:00:00-04:00,107.83999633789062,1.0,-0.007181056794034801,0.9157455225323363
2015-09-04 00:00:00-04:00,107.48999786376952,1.0,-0.0032455349221681695,0.9127734384591385
2015-09-08 00:00:00-04:00,107.5199966430664,1.0,0.000279084378947525,0.9130281792673307
2015-09-09 00:00:00-04:00,106.12999725341795,1.0,-0.012927822107945408,0.9012247133862213
2015-09-10 00:00:00-04:00,106.37999725341795,0.0,-0.001,0.9003234886728351
2015-09-11 00:00:00-04:00,106.16000366210938,0.0,-0.0,0.9003234886728351
2015-09-14 00:00:00-04:00,106.22000122070312,0.0,0.0,0.9003234886728351
2015-09-15 00:00:00-04:00,105.9000015258789,1.0,-0.0040126124190049675,0.8967108394610646
2015-09-16 00:00:00-04:00,107.30999755859376,0.0,-0.001,0.8958141286216035
2015-09-17 00:00:00-04:00,108.41000366210938,0.0,0.0,0.8958141286216035
2015-09-18 00:00:00-04:00,109.20999908447266,0.0,0.0,0.8958141286216035
2015-09-21 00:00:00-04:00,108.52999877929688,0.0,-0.0,0.8958141286216035
2015-09-22 00:00:00-04:00,107.79000091552734,1.0,-0.00781837162160448,0.888810320860156
2015-09-23 00:00:00-04:00,108.22000122070312,0.0,-0.001,0.8879215105392958
2015-09-24 00:00:00-04:00,110.48999786376952,1.0,0.019975758801156984,0.9056584164681878
2015-09-25 00:00:00-04:00,109.80999755859376,0.0,-0.001,0.9047527580517196
2015-09-28 00:00:00-04:00,108.41999816894533,1.0,-0.013658222571280354,0.8923954435102694
2015-09-29 00:00:00-04:00,107.9800033569336,1.0,-0.0040582440457720415,0.8887738850151699
2015-09-30 00:00:00-04:00,106.86000061035156,1.0,-0.010372316278596583,0.8795552411796355
2015-10-01 00:00:00-04:00,106.7300033569336,1.0,-0.001216519302596475,0.8784852452510405
2015-10-02 00:00:00-04:00,108.98999786376952,0.0,-0.001,0.8776067600057895
2015-10-05 00:00:00-04:00,108.7699966430664,0.0,-0.0,0.8776067600057895
2015-10-06 00:00:00-04:00,109.86000061035156,0.0,0.0,0.8776067600057895
2015-10-07 00:00:00-04:00,109.6999969482422,0.0,-0.0,0.8776067600057895
2015-10-08 00:00:00-04:00,109.13999938964844,1.0,-0.006104809244962705,0.8722491381438644
2015-10-09 00:00:00-04:00,110.87000274658205,0.0,-0.001,0.8713768890057205
2015-10-12 00:00:00-04:00,111.30999755859376,0.0,0.0,0.8713768890057205
2015-10-13 00:00:00-04:00,111.86000061035156,0.0,0.0,0.8713768890057205
2015-10-14 00:00:00-04:00,113.80999755859376,1.0,0.016432477539802037,0.8856957701630095
2015-10-15 00:00:00-04:00,113.29000091552734,1.0,-0.004568989141737756,0.8816490358062516
2015-10-16 00:00:00-04:00,112.48999786376952,1.0,-0.0070615504042085275,0.875423226701084
2015-10-19 00:00:00-04:00,112.0199966430664,1.0,-0.004178160099818862,0.8717655683048268
2015-10-20 00:00:00-04:00,112.7300033569336,0.0,-0.001,0.870893802736522
2015-10-21 00:00:00-04:00,111.7300033569336,1.0,-0.009870752862782495,0.8622974252399809
2015-10-22 00:00:00-04:00,111.69000244140624,1.0,-0.00035801409044600163,0.8619887106115897
2015-10-23 00:00:00-04:00,111.5,1.0,-0.0017011588974216174,0.8605223308470558
2015-10-26 00:00:00-04:00,111.43000030517578,1.0,-0.0006277999535804213,0.8599820949676951
2015-10-27 00:00:00-04:00,111.68000030517578,0.0,-0.001,0.8591221128727273
2015-10-28 00:00:00-04:00,110.77999877929688,1.0,-0.009058752895948818,0.8513395379447678
2015-10-29 00:00:00-04:00,109.72000122070312,1.0,-0.009568492239339532,0.8431935021829003
2015-10-30 00:00:00-04:00,109.3000030517578,1.0,-0.0038279088978544484,0.8399658342732814
2015-11-02 00:00:00-05:00,108.58999633789062,1.0,-0.006495944135801679,0.8345094631378601
2015-11-03 00:00:00-05:00,106.9800033569336,1.0,-0.014826347133739204,0.8221367361509878
2015-11-04 00:00:00-05:00,105.97000122070312,1.0,-0.009441036684777915,0.8143749130650828
2015-11-05 00:00:00-05:00,105.63999938964844,1.0,-0.0031141061362016664,0.8118388631511382
2015-11-06 00:00:00-05:00,104.0999984741211,1.0,-0.014577820185771806,0.8000040221842994
2015-11-09 00:00:00-05:00,104.4000015258789,0.0,-0.001,0.7992040181621152
2015-11-10 00:00:00-05:00,104.18000030517578,1.0,-0.0031072913552456774,0.7967206584254024
2015-11-11 00:00:00-05:00,103.83000183105467,1.0,-0.0033595553186394067,0.7940440312999194
2015-11-12 00:00:00-05:00,103.8499984741211,1.0,0.00019259022164863637,0.7941969564159063
2015-11-13 00:00:00-05:00,103.55999755859376,1.0,-0.0027924980239609765,0.791979162984479
2015-11-16 00:00:00-05:00,103.70999908447266,1.0,0.001448450457852024,0.7931263055657132
2015-11-17 00:00:00-05:00,102.33999633789062,1.0,-0.013209938855231806,0.7826491555647143
2015-11-18 00:00:00-05:00,102.43000030517578,1.0,0.0008794603332600293,0.7833374644518929
2015-11-19 00:00:00-05:00,103.55999755859376,1.0,0.011031897393842804,0.7919791629844791
2015-11-20 00:00:00-05:00,103.08999633789062,1.0,-0.004538443721353036,0.7883848101247898
2015-11-23 00:00:00-05:00,102.26000213623048,1.0,-0.008051161423458852,0.7820373967546721
2015-11-24 00:00:00-05:00,102.94000244140624,1.0,0.006649719254551378,0.7872377258896509
2015-11-25 00:00:00-05:00,102.45999908447266,1.0,-0.004662942933256642,0.7835668812989207
2015-11-27 00:00:00-05:00,101.25,1.0,-0.011809477798990442,0.7743133656101969
2015-11-30 00:00:00-05:00,101.91999816894533,1.0,0.006617265866126765,0.779437203014135
2015-12-01 00:00:00-05:00,102.27999877929688,1.0,0.003532188155604077,0.7821903218706587
2015-12-02 00:00:00-05:00,100.69000244140624,1.0,-0.015545525585325737,0.7700307622094242
2015-12-03 00:00:00-05:00,101.76000213623048,1.0,0.010626672647534141,0.7782136270479549
2015-12-04 00:00:00-05:00,104.0199966430664,1.0,0.02220906504905895,0.7954970241131271
2015-12-07 00:00:00-05:00,102.66999816894533,1.0,-0.012978259158702543,0.7851728575742103
2015-12-08 00:00:00-05:00,102.83999633789062,1.0,0.0016557725915760102,0.7864729252714311
2015-12-09 00:00:00-05:00,102.63999938964844,1.0,-0.00194473896697811,0.7849434407271825
2015-12-10 00:00:00-05:00,102.5500030517578,1.0,-0.0008768154562139863,0.7842551901860991
2015-12-11 00:00:00-05:00,103.11000061035156,1.0,0.005460726883753653,0.7885377935868717
2015-12-14 00:00:00-05:00,101.79000091552734,1.0,-0.012801859053540698,0.7784430438949826
2015-12-15 00:00:00-05:00,101.5199966430664,1.0,-0.002652561843328849,0.776378175579542
2015-12-16 00:00:00-05:00,102.75,1.0,0.012115872710852793,0.7857846747303479
2015-12-17 00:00:00-05:00,100.5,0.0,-0.001,0.7849988900556175
2015-12-18 00:00:00-05:00,102.04000091552734,0.0,0.0,0.7849988900556175
2015-12-21 00:00:00-05:00,103.1500015258789,1.0,0.009878092908588543,0.7927531820247257
2015-12-22 00:00:00-05:00,102.61000061035156,1.0,-0.005235103320787249,0.7886030372089433
2015-12-23 00:00:00-05:00,102.30999755859376,1.0,-0.002923721371925758,0.78629738165509
2015-12-24 00:00:00-05:00,103.0500030517578,1.0,0.007232973422174327,0.7919846497185266
2015-12-28 00:00:00-05:00,102.2699966430664,1.0,-0.007569203159553783,0.785989957005559
2015-12-29 00:00:00-05:00,102.1999969482422,1.0,-0.000684459735229237,0.7854519785276941
2015-12-30 00:00:00-05:00,101.41999816894533,1.0,-0.007632082217105096,0.7794573444499828
2015-12-31 00:00:00-05:00,101.45999908447266,0.0,-0.001,0.7786778871055329
2016-01-04 00:00:00-05:00,102.88999938964844,1.0,0.013094227459880092,0.7888740724772715
2016-01-05 00:00:00-05:00,103.18000030517578,0.0,-0.001,0.7880851984047942
2016-01-06 00:00:00-05:00,104.66999816894533,1.0,0.013440762350868218,0.7986776642687899
2016-01-07 00:00:00-05:00,106.1500015258789,1.0,0.014139709399294542,0.809970734345258
2016-01-08 00:00:00-05:00,105.68000030517578,1.0,-0.004427708091822691,0.8063844203706579
2016-01-11 00:00:00-05:00,104.73999786376952,1.0,-0.008894799760520322,0.7992117924214577
2016-01-12 00:00:00-05:00,104.20999908447266,1.0,-0.005060137388834041,0.7951676709490287
2016-01-13 00:00:00-05:00,104.72000122070312,0.0,-0.001,0.7943725032780797
2016-01-14 00:00:00-05:00,103.0199966430664,1.0,-0.017233809757639995,0.7806824386798851
2016-01-15 00:00:00-05:00,104.08000183105467,0.0,-0.001,0.7799017562412052
2016-01-19 00:00:00-05:00,103.9800033569336,1.0,-0.001960784707550233,0.7783725368041758
2016-01-20 00:00:00-05:00,105.37000274658205,1.0,0.013367949074563734,0.7887777812372131
2016-01-21 00:00:00-05:00,105.48999786376952,0.0,-0.001,0.7879890034559759
2016-01-22 00:00:00-05:00,105.0,1.0,-0.005644969889963435,0.7835408292578446
2016-01-25 00:00:00-05:00,106.08000183105467,0.0,-0.001,0.7827572884285868
2016-01-26 00:00:00-05:00,107.29000091552734,0.0,0.0,0.7827572884285868
2016-01-27 00:00:00-05:00,107.69000244140624,0.0,0.0,0.7827572884285868
2016-01-28 00:00:00-05:00,106.54000091552734,1.0,-0.011678814187088604,0.77361561150344
2016-01-29 00:00:00-05:00,106.9499969482422,1.0,0.0038482826092702815,0.7765927030074488
2016-02-01 00:00:00-05:00,108.0500030517578,1.0,0.010285237353002907,0.7845801432844904
2016-02-02 00:00:00-05:00,108.08999633789062,0.0,-0.001,0.7837955631412059
2016-02-03 00:00:00-05:00,109.25,0.0,0.0,0.7837955631412059
2016-02-04 00:00:00-05:00,110.56999969482422,0.0,0.0,0.7837955631412059
2016-02-05 00:00:00-05:00,112.31999969482422,0.0,0.0,0.7837955631412059
2016-02-08 00:00:00-05:00,113.83000183105467,0.0,0.0,0.7837955631412059
2016-02-09 00:00:00-05:00,113.58000183105467,1.0,-0.003196257541759894,0.7812903506613179
2016-02-10 00:00:00-05:00,114.45999908447266,0.0,-0.001,0.7805090603106566
2016-02-11 00:00:00-05:00,119.05999755859376,0.0,0.0,0.7805090603106566
2016-02-12 00:00:00-05:00,118.36000061035156,0.0,-0.0,0.7805090603106566
2016-02-16 00:00:00-05:00,114.7699966430664,1.0,-0.031331226332987905,0.7560547542871157
2016-02-17 00:00:00-05:00,115.4800033569336,1.0,0.00618634429410414,0.7607319693023301
2016-02-18 00:00:00-05:00,118.29000091552734,0.0,-0.001,0.7599712373330277
2016-02-19 00:00:00-05:00,117.58000183105467,1.0,-0.007002190201855662,0.7546497741812823
2016-02-22 00:00:00-05:00,115.48999786376952,1.0,-0.01777516528948675,0.7412357497095362
2016-02-23 00:00:00-05:00,117.22000122070312,0.0,-0.001,0.7404945139598267
2016-02-24 00:00:00-05:00,117.61000061035156,0.0,0.0,0.7404945139598267
2016-02-25 00:00:00-05:00,117.91999816894533,1.0,0.0016358095143694804,0.7417058219311007
2016-02-26 00:00:00-05:00,117.11000061035156,1.0,-0.006869043174790979,0.7366110126172621
2016-02-29 00:00:00-05:00,118.63999938964844,0.0,-0.001,0.7358744016046449
2016-03-01 00:00:00-05:00,117.7699966430664,1.0,-0.008333131752004563,0.7297422632631458
2016-03-02 00:00:00-05:00,118.68000030517578,1.0,0.007726956678680841,0.7353809501179827
2016-03-03 00:00:00-05:00,120.7300033569336,0.0,-0.001,0.7346455691678647
2016-03-04 00:00:00-05:00,120.54000091552734,1.0,-0.002573779807199305,0.7327547532364921
2016-03-07 00:00:00-05:00,121.13999938964844,1.0,0.004977588099916774,0.7364021045763595
2016-03-08 00:00:00-05:00,120.58000183105467,1.0,-0.0046227304062675945,0.7329979161762948
2016-03-09 00:00:00-05:00,119.58000183105467,1.0,-0.00829324916913754,0.7269189818169862
2016-03-10 00:00:00-05:00,121.5,1.0,0.016056181130168712,0.7385905246559976
2016-03-11 00:00:00-05:00,119.41000366210938,1.0,-0.01720161594971703,0.7258855741067651
2016-03-14 00:00:00-04:00,117.87000274658205,1.0,-0.012896749587957612,0.7165240096279993
2016-03-15 00:00:00-04:00,117.95999908447266,0.0,-0.001,0.7158074856183714
2016-03-16 00:00:00-04:00,120.58999633789062,0.0,0.0,0.7158074856183714
2016-03-17 00:00:00-04:00,120.12999725341795,1.0,-0.004814570847019194,0.7123611797660351
2016-03-18 00:00:00-04:00,119.8000030517578,1.0,-0.002746975852867317,0.7104043408066977
2016-03-21 00:00:00-04:00,118.95999908447266,1.0,-0.007011719080860401,0.7054231851351374
2016-03-22 00:00:00-04:00,119.30999755859376,0.0,-0.001,0.7047177619500022
2016-03-23 00:00:00-04:00,116.61000061035156,1.0,-0.02363009809313099,0.688065212107152
2016-03-24 00:00:00-04:00,116.33000183105467,1.0,-0.0024011557999429334,0.6864130603323619
2016-03-28 00:00:00-04:00,116.5999984741211,0.0,-0.001,0.6857266472720296
2016-03-29 00:00:00-04:00,118.76000213623048,0.0,0.0,0.6857266472720296
2016-03-30 00:00:00-04:00,117.0999984741211,1.0,-0.014977800877817304,0.6754559700925759
2016-03-31 00:00:00-04:00,117.63999938964844,0.0,-0.001,0.6747805141224833
2016-04-01 00:00:00-04:00,116.93000030517578,1.0,-0.007035354370591106,0.670033194083262
2016-04-04 00:00:00-04:00,116.1500015258789,1.0,-0.006670647201412416,0.6655636390322971
2016-04-05 00:00:00-04:00,117.66000366210938,1.0,0.013000448699038714,0.674216264977482
2016-04-06 00:00:00-04:00,116.94000244140624,1.0,-0.00611933705841794,0.6700905084018172
2016-04-07 00:00:00-04:00,118.61000061035156,0.0,-0.001,0.6694204178934153
2016-04-08 00:00:00-04:00,118.43000030517578,1.0,-0.0025175811841288134,0.6677350976450552
2016-04-11 00:00:00-04:00,120.02999877929688,0.0,-0.001,0.6670673625474102
2016-04-12 00:00:00-04:00,120.0500030517578,1.0,-0.0008333393929486057,0.6665114690364491
2016-04-13 00:00:00-04:00,118.7699966430664,1.0,-0.010662277185778501,0.659404939006082
2016-04-14 00:00:00-04:00,117.11000061035156,1.0,-0.01397656040779005,0.6501887260428684
2016-04-15 00:00:00-04:00,117.91999816894533,1.0,0.006916553277877435,0.6546857910072191
2016-04-18 00:00:00-04:00,117.73999786376952,1.0,-0.0015264612277039458,0.6536864385309179
2016-04-19 00:00:00-04:00,119.58000183105467,1.0,0.015627688132066497,0.6639020463284403
2016-04-20 00:00:00-04:00,118.97000122070312,1.0,-0.005101192515562736,0.6605153541786428
2016-04-21 00:00:00-04:00,119.41999816894533,1.0,0.0037824404776412024,0.6630137141903917
2016-04-22 00:00:00-04:00,117.88999938964844,1.0,-0.01281191427529893,0.6545192393208369
2016-04-25 00:00:00-04:00,118.2300033569336,1.0,0.0028840781155776707,0.6564069239351866
2016-04-26 00:00:00-04:00,118.6999969482422,1.0,0.00397524805856353,0.6590163042851876
2016-04-27 00:00:00-04:00,119.04000091552734,1.0,0.0028643974391455718,0.6609039888995373
2016-04-28 00:00:00-04:00,121.29000091552734,1.0,0.018901209532051544,0.6733958736742961
2016-04-29 00:00:00-04:00,123.6500015258789,1.0,0.01945750344247421,0.6864984762044617
2016-05-02 00:00:00-04:00,123.23999786376952,1.0,-0.0033158403319839547,0.6842221568692174
2016-05-03 00:00:00-04:00,122.95999908447266,1.0,-0.002271979748055264,0.6826676179856398
2016-05-04 00:00:00-04:00,122.20999908447266,1.0,-0.006099544612754526,0.6785036563940535
2016-05-05 00:00:00-04:00,122.06999969482422,1.0,-0.0011455641166617792,0.6777263869522647
2016-05-06 00:00:00-04:00,123.18000030517578,0.0,-0.001,0.6770486605653124
2016-05-09 00:00:00-04:00,120.6500015258789,1.0,-0.02153903858604367,0.6624656833407669
2016-05-10 00:00:00-04:00,120.9800033569336,1.0,0.0027351995597273415,0.6642776591861751
2016-05-11 00:00:00-04:00,122.12000274658205,0.0,-0.001,0.6636133815269889
2016-05-12 00:00:00-04:00,121.16000366210938,1.0,-0.008861112535878513,0.6577330286729633
2016-05-13 00:00:00-04:00,121.70999908447266,1.0,0.0045394140453900444,0.6607187512214383
2016-05-16 00:00:00-04:00,121.8000030517578,1.0,0.0007394952589119264,0.6612073496054408
2016-05-17 00:00:00-04:00,122.22000122070312,1.0,0.0034482607423815814,0.6634873649516594
2016-05-18 00:00:00-04:00,120.0999984741211,1.0,-0.01734579222228738,0.651978650977095
2016-05-19 00:00:00-04:00,119.87000274658205,1.0,-0.0019150352244892144,0.6507300888948588
2016-05-20 00:00:00-04:00,119.70999908447266,1.0,-0.0013348098643799489,0.6498614879531531
2016-05-23 00:00:00-04:00,119.37000274658205,1.0,-0.0028401665733093218,0.6480157730777876
2016-05-24 00:00:00-04:00,117.3000030517578,1.0,-0.01734103750687499,0.6367785072517991
2016-05-25 00:00:00-04:00,116.9800033569336,1.0,-0.0027280450681915758,0.6350413467855605
2016-05-26 00:00:00-04:00,116.58000183105467,1.0,-0.003419400875365186,0.6328698858484688
2016-05-27 00:00:00-04:00,115.62000274658205,1.0,-0.008234680643287695,0.6276584044497527
2016-05-31 00:00:00-04:00,116.05999755859376,0.0,-0.001,0.627030746045303
2016-06-01 00:00:00-04:00,115.94000244140624,1.0,-0.0020339059082519198,0.6257554245062658
2016-06-02 00:00:00-04:00,115.66999816894533,1.0,-0.0023288275554191884,0.6242981480307225
2016-06-03 00:00:00-04:00,118.87999725341795,0.0,-0.001,0.6236738498826917
2016-06-06 00:00:00-04:00,118.91999816894533,1.0,-0.0006635185359055154,0.623260030722935
2016-06-07 00:00:00-04:00,118.81999969482422,0.0,-0.001,0.6226367706922121
2016-06-08 00:00:00-04:00,120.58000183105467,1.0,0.013812339174809174,0.631236840951721
2016-06-09 00:00:00-04:00,121.25,1.0,0.005556461757929565,0.6347442843186655
2016-06-10 00:00:00-04:00,121.73999786376952,0.0,-0.001,0.6341095400343468
2016-06-13 00:00:00-04:00,122.63999938964844,1.0,0.006392817000753116,0.6381632862822182
2016-06-14 00:00:00-04:00,122.7699966430664,0.0,-0.001,0.637525122995936
2016-06-15 00:00:00-04:00,123.68000030517578,0.0,0.0,0.637525122995936
2016-06-16 00:00:00-04:00,122.37999725341795,1.0,-0.011511020767707936,0.6301865580651942
2016-06-17 00:00:00-04:00,123.9499969482422,0.0,-0.001,0.629556371507129
2016-06-20 00:00:00-04:00,123.20999908447266,0.0,-0.0,0.629556371507129
2016-06-21 00:00:00-04:00,120.83999633789062,1.0,-0.020235474102691664,0.6168169998553119
2016-06-22 00:00:00-04:00,120.9000015258789,1.0,0.0004965672774475127,0.6171232909936134
2016-06-23 00:00:00-04:00,120.11000061035156,1.0,-0.0065343333792947655,0.6130908016741335
2016-06-24 00:00:00-04:00,126.0,0.0,-0.001,0.6124777108724594
2016-06-27 00:00:00-04:00,126.68000030517578,0.0,0.0,0.6124777108724594
2016-06-28 00:00:00-04:00,125.31999969482422,0.0,-0.0,0.6124777108724594
2016-06-29 00:00:00-04:00,125.83999633789062,1.0,0.0031493508165710846,0.6144066180513272
2016-06-30 00:00:00-04:00,126.47000122070312,1.0,0.00500639622652943,0.6174825810254941
2016-07-01 00:00:00-04:00,128.41000366210938,1.0,0.015339625386899147,0.6269545325013608
2016-07-05 00:00:00-04:00,129.47000122070312,0.0,-0.001,0.6263275779688594
2016-07-06 00:00:00-04:00,130.22999572753906,1.0,0.004870043250717272,0.6293778203626849
2016-07-07 00:00:00-04:00,129.74000549316406,1.0,-0.003762499043616141,0.627009786915497
2016-07-08 00:00:00-04:00,130.52000427246094,1.0,0.0060120143847071095,0.6307793787737851
2016-07-11 00:00:00-04:00,129.2899932861328,1.0,-0.009423926954219786,0.6248349599839929
2016-07-12 00:00:00-04:00,127.1500015258789,1.0,-0.016551874633622066,0.6144927700596335
2016-07-13 00:00:00-04:00,128.32000732421875,0.0,-0.001,0.6138782772895739
2016-07-14 00:00:00-04:00,127.33000183105467,1.0,-0.008715129649756737,0.6085282485138259
2016-07-15 00:00:00-04:00,126.83999633789062,1.0,-0.003848311365095225,0.6061864423390887
2016-07-18 00:00:00-04:00,127.04000091552734,0.0,-0.001,0.6055802558967496
2016-07-19 00:00:00-04:00,127.20999908447266,1.0,0.0003381467862105811,0.6057850309140738
2016-07-20 00:00:00-04:00,125.38999938964844,1.0,-0.014307049036417885,0.5971180347712581
2016-07-21 00:00:00-04:00,127.3000030517578,0.0,-0.001,0.5965209167364869
2016-07-22 00:00:00-04:00,126.3499984741211,1.0,-0.008462722347700624,0.5914727258435502
2016-07-25 00:00:00-04:00,125.47000122070312,1.0,-0.006964758718206121,0.5873532610196501
2016-07-26 00:00:00-04:00,126.0,0.0,-0.001,0.5867659077586305
2016-07-27 00:00:00-04:00,128.02999877929688,1.0,0.015111101422991102,0.5956325869023245
2016-07-28 00:00:00-04:00,127.66000366210938,1.0,-0.002889909558035031,0.5939112625963583
2016-07-29 00:00:00-04:00,128.97999572753906,0.0,-0.001,0.593317351333762
2016-08-01 00:00:00-04:00,129.22000122070312,1.0,0.0008607962561190128,0.5938280766884806
2016-08-02 00:00:00-04:00,130.27000427246094,0.0,-0.001,0.5932342486117921
2016-08-03 00:00:00-04:00,129.64999389648438,1.0,-0.005759425467430023,0.5898175601721856
2016-08-04 00:00:00-04:00,129.8699951171875,1.0,0.0016968857004249216,0.5908184131559012
2016-08-05 00:00:00-04:00,127.5500030517578,1.0,-0.01786395743940905,0.5802640581688651
2016-08-08 00:00:00-04:00,127.44000244140624,0.0,-0.001,0.5796837941106961
2016-08-09 00:00:00-04:00,127.95999908447266,0.0,0.0,0.5796837941106961
2016-08-10 00:00:00-04:00,128.55999755859375,1.0,0.0036889534105498676,0.5818222206200213
2016-08-11 00:00:00-04:00,127.66999816894533,1.0,-0.0069228329694296376,0.5777943625687663
2016-08-12 00:00:00-04:00,127.4000015258789,1.0,-0.002114801025603019,0.5765724424582181
2016-08-15 00:00:00-04:00,127.83999633789062,1.0,0.0034536484045673,0.5785637209542315
2016-08-16 00:00:00-04:00,128.47000122070312,1.0,0.0049280733796905896,0.5814149254259208
2016-08-17 00:00:00-04:00,128.5,1.0,0.0002335080486637331,0.5815506904906209
2016-08-18 00:00:00-04:00,129.11000061035156,1.0,0.004747086461879935,0.5843113619003458
2016-08-19 00:00:00-04:00,127.97000122070312,1.0,-0.008829675348611454,0.5791520822722608
2016-08-22 00:00:00-04:00,127.77999877929688,0.0,-0.001,0.5785729301899886
2016-08-23 00:00:00-04:00,127.76000213623048,1.0,-0.0011564927473581834,0.577903814792406
2016-08-24 00:00:00-04:00,126.33999633789062,1.0,-0.01111463505476229,0.5714806247942336
2016-08-25 00:00:00-04:00,126.2300033569336,0.0,-0.001,0.5709091441694393
2016-08-26 00:00:00-04:00,126.0500030517578,1.0,-0.0024259708499477775,0.5695241352277156
2016-08-29 00:00:00-04:00,126.3000030517578,0.0,-0.001,0.5689546110924879
2016-08-30 00:00:00-04:00,125.02999877929688,1.0,-0.011055457179525718,0.5626645577524612
2016-08-31 00:00:00-04:00,124.77999877929688,1.0,-0.001999520134694288,0.5615394986401563
2016-09-01 00:00:00-04:00,125.29000091552734,1.0,0.0040872106204499214,0.5638346288428004
2016-09-02 00:00:00-04:00,126.56999969482422,1.0,0.010216288370529014,0.5695949260043487
2016-09-06 00:00:00-04:00,128.7100067138672,1.0,0.016907695537669243,0.5792254635930315
2016-09-07 00:00:00-04:00,128.27000427246094,0.0,-0.001,0.5786462381294385
2016-09-08 00:00:00-04:00,127.58999633789062,0.0,-0.0,0.5786462381294385
2016-09-09 00:00:00-04:00,126.75,0.0,-0.0,0.5786462381294385
2016-09-12 00:00:00-04:00,126.58999633789062,0.0,-0.0,0.5786462381294385
2016-09-13 00:00:00-04:00,125.75,0.0,-0.0,0.5786462381294385
2016-09-14 00:00:00-04:00,126.18000030517578,1.0,0.0024194855282367875,0.5800462643285614
2016-09-15 00:00:00-04:00,125.37000274658205,1.0,-0.006419381491794995,0.5763227260749458
2016-09-16 00:00:00-04:00,125.05999755859376,1.0,-0.00247272219188599,0.574897640080492
2016-09-19 00:00:00-04:00,125.31999969482422,0.0,-0.001,0.5743227424404116
2016-09-20 00:00:00-04:00,125.44000244140624,0.0,0.0,0.5743227424404116
2016-09-21 00:00:00-04:00,127.2699966430664,1.0,0.013588601451239302,0.5821269852918172
2016-09-22 00:00:00-04:00,127.56999969482422,1.0,0.00235721740921524,0.583499185155921
2016-09-23 00:00:00-04:00,127.6500015258789,0.0,-0.001,0.5829156859707652
2016-09-26 00:00:00-04:00,127.5500030517578,1.0,-0.0017833801247612016,0.5818761257219933
2016-09-27 00:00:00-04:00,126.62000274658205,0.0,-0.001,0.5812942495962713
2016-09-28 00:00:00-04:00,126.22000122070312,0.0,-0.0,0.5812942495962713
2016-09-29 00:00:00-04:00,126.06999969482422,0.0,-0.0,0.5812942495962713
2016-09-30 00:00:00-04:00,125.63999938964844,0.0,-0.0,0.5812942495962713
2016-10-03 00:00:00-04:00,125.31999969482422,0.0,-0.0,0.5812942495962713
2016-10-04 00:00:00-04:00,120.97000122070312,1.0,-0.035711127391590214,0.56053557659694
2016-10-05 00:00:00-04:00,120.77999877929688,1.0,-0.0015706575141682944,0.5596551671815994
2016-10-06 00:00:00-04:00,119.66000366210938,1.0,-0.009273018119780652,0.5544654746754956
2016-10-07 00:00:00-04:00,119.73999786376952,0.0,-0.001,0.55391100920082
2016-10-10 00:00:00-04:00,120.16000366210938,0.0,0.0,0.55391100920082
2016-10-11 00:00:00-04:00,119.5500030517578,1.0,-0.006076569505331419,0.550545130453643
2016-10-12 00:00:00-04:00,119.73999786376952,1.0,0.0015892497462293154,0.5514200841625042
2016-10-13 00:00:00-04:00,120.02999877929688,1.0,0.002421921836488483,0.5527555805054157
2016-10-14 00:00:00-04:00,119.36000061035156,1.0,-0.0055819226506638175,0.5496701416103117
2016-10-17 00:00:00-04:00,119.68000030517578,1.0,0.0026809625769763645,0.5511437866896503
2016-10-18 00:00:00-04:00,120.41999816894533,1.0,0.006183137214928136,0.5545515843479074
2016-10-19 00:00:00-04:00,121.11000061035156,1.0,0.0057299655530487215,0.5577291458236096
2016-10-20 00:00:00-04:00,120.73999786376952,1.0,-0.0030550965627723636,0.5560252294272459
2016-10-21 00:00:00-04:00,120.83000183105467,1.0,0.0007454362173064943,0.5564397107709971
2016-10-24 00:00:00-04:00,120.55999755859376,0.0,-0.001,0.5558832710602261
2016-10-25 00:00:00-04:00,121.47000122070312,1.0,0.006548139354159211,0.5595232721837743
2016-10-26 00:00:00-04:00,120.79000091552734,1.0,-0.00559809251948773,0.556391009139283
2016-10-27 00:00:00-04:00,121.01000213623048,1.0,0.0018213529185830968,0.5574043935276521
2016-10-28 00:00:00-04:00,121.58000183105467,1.0,0.0047103519110964776,0.5600299643779587
2016-10-31 00:00:00-04:00,121.94000244140624,1.0,0.0029610183001298473,0.5616882233511029
2016-11-01 00:00:00-04:00,122.7300033569336,1.0,0.006478603409139305,0.5653271785897788
2016-11-02 00:00:00-04:00,123.63999938964844,1.0,0.007414617516698918,0.5695188633908165
2016-11-03 00:00:00-04:00,124.3000030517578,1.0,0.005338107937297609,0.5725590165559237
2016-11-04 00:00:00-04:00,124.38999938964844,1.0,0.0007240252267184388,0.5729735637276953
2016-11-07 00:00:00-05:00,122.1500015258789,0.0,-0.001,0.5724005901639676
2016-11-08 00:00:00-05:00,121.63999938964844,0.0,-0.0,0.5724005901639676
2016-11-09 00:00:00-05:00,121.55999755859376,1.0,-0.0016576934516285826,0.5714517254539444
2016-11-10 00:00:00-05:00,119.75,0.0,-0.001,0.5708802737284905
2016-11-11 00:00:00-05:00,117.0999984741211,1.0,-0.02312944906788228,0.5576761275134287
2016-11-14 00:00:00-05:00,116.11000061035156,1.0,-0.008454294420749409,0.5529613693400067
2016-11-15 00:00:00-05:00,117.12000274658205,1.0,0.008698666186558013,0.5577713957059575
2016-11-16 00:00:00-05:00,116.7699966430664,1.0,-0.002988440021410854,0.5561045293442316
2016-11-17 00:00:00-05:00,116.16999816894533,1.0,-0.005138293152093798,0.5532471012492538
2016-11-18 00:00:00-05:00,115.1500015258789,1.0,-0.008780207102896287,0.5483894771212083
2016-11-21 00:00:00-05:00,115.58000183105467,1.0,0.0037342622620732957,0.5504373072505402
2016-11-22 00:00:00-05:00,115.54000091552734,1.0,-0.00034608855246254233,0.5502468071996525
2016-11-23 00:00:00-05:00,113.25,1.0,-0.019819983532816443,0.5393409245419706
2016-11-25 00:00:00-05:00,112.61000061035156,1.0,-0.005651208738617575,0.536292996396105
2016-11-28 00:00:00-05:00,113.8000030517578,0.0,-0.001,0.5357567033997088
2016-11-29 00:00:00-05:00,113.2699966430664,1.0,-0.00565734968785847,0.5327257403809624
2016-11-30 00:00:00-05:00,111.75,1.0,-0.013419234467324848,0.525576968764011
2016-12-01 00:00:00-05:00,111.54000091552734,1.0,-0.0018791864382340373,0.5245893116520616
2016-12-02 00:00:00-05:00,112.13999938964844,1.0,0.005379222424209074,0.5274111942408007
2016-12-05 00:00:00-05:00,111.54000091552734,1.0,-0.005350441210868029,0.5245893116520617
2016-12-06 00:00:00-05:00,111.43000030517578,1.0,-0.0009861987578327902,0.524071962324538
2016-12-07 00:00:00-05:00,111.83000183105467,1.0,0.0035897112517579988,0.5259532293444253
2016-12-08 00:00:00-05:00,111.56999969482422,1.0,-0.0023249765892273677,0.5247304003991711
2016-12-09 00:00:00-05:00,110.4000015258789,1.0,-0.010486673587394413,0.5192277239688022
2016-12-12 00:00:00-05:00,110.81999969482422,1.0,0.003804331187865717,0.5212030381927013
2016-12-13 00:00:00-05:00,110.4499969482422,1.0,-0.0033387723118654122,0.5194628599199234
2016-12-14 00:00:00-05:00,108.83000183105467,1.0,-0.014667226454942117,0.511843780518546
2016-12-15 00:00:00-05:00,107.33999633789062,1.0,-0.013691128072175318,0.5048360617665202
2016-12-16 00:00:00-05:00,108.0500030517578,1.0,0.006614558767378487,0.5081753295649667
2016-12-19 00:00:00-05:00,108.58999633789062,1.0,0.004997623978540311,0.5107149987773032
2016-12-20 00:00:00-05:00,107.79000091552734,1.0,-0.007367118973593101,0.5069525006197123
2016-12-21 00:00:00-05:00,107.8499984741211,1.0,0.0005566152526592649,0.507234678113931
2016-12-22 00:00:00-05:00,107.58999633789062,1.0,-0.0024107755207141146,0.5060118491686766
2016-12-23 00:00:00-05:00,107.93000030517578,1.0,0.0031601819765598727,0.5076109386943451
2016-12-27 00:00:00-05:00,108.55999755859376,1.0,0.005837091185366905,0.5105739100301937
2016-12-28 00:00:00-05:00,108.86000061035156,1.0,0.0027634769574849116,0.5119848692656551
2016-12-29 00:00:00-05:00,110.29000091552734,1.0,0.01313614088883086,0.5187103746412784
2016-12-30 00:00:00-05:00,109.61000061035156,1.0,-0.006165566230220687,0.5155122314721251
2017-01-03 00:00:00-05:00,110.47000122070312,1.0,0.00784600497730814,0.5195569430061187
2017-01-04 00:00:00-05:00,110.86000061035156,1.0,0.0035303646722089077,0.5213911684829083
2017-01-05 00:00:00-05:00,112.58000183105467,1.0,0.015515074970534615,0.5294805915508953
2017-01-06 00:00:00-05:00,111.75,1.0,-0.007372551230725999,0.5255769687640113
2017-01-09 00:00:00-05:00,112.66999816894533,1.0,0.008232645807116912,0.5299038577922235
2017-01-10 00:00:00-05:00,113.1500015258789,0.0,-0.001,0.5293739539344313
2017-01-11 00:00:00-05:00,113.5,0.0,0.0,0.5293739539344313
2017-01-12 00:00:00-05:00,113.91000366210938,0.0,0.0,0.5293739539344313
2017-01-13 00:00:00-05:00,114.20999908447266,0.0,0.0,0.5293739539344313
2017-01-17 00:00:00-05:00,115.8499984741211,0.0,0.0,0.5293739539344313
2017-01-18 00:00:00-05:00,114.87000274658205,0.0,-0.0,0.5293739539344313
2017-01-19 00:00:00-05:00,114.7699966430664,0.0,-0.0,0.5293739539344313
2017-01-20 00:00:00-05:00,115.0500030517578,0.0,0.0,0.5293739539344313
2017-01-23 00:00:00-05:00,115.79000091552734,0.0,0.0,0.5293739539344313
2017-01-24 00:00:00-05:00,115.2699966430664,0.0,-0.0,0.5293739539344313
2017-01-25 00:00:00-05:00,114.31999969482422,1.0,-0.009241493674922663,0.5244817478874775
2017-01-26 00:00:00-05:00,113.26000213623048,1.0,-0.009272197003353577,0.5196186497964016
2017-01-27 00:00:00-05:00,113.48999786376952,1.0,0.0020306880028342356,0.520673833154592
2017-01-30 00:00:00-05:00,113.97000122070312,1.0,0.004229477187142061,0.5228760112538612
2017-01-31 00:00:00-05:00,115.5500030517578,0.0,-0.001,0.5223531352426073
2017-02-01 00:00:00-05:00,115.1999969482422,1.0,-0.004029044519876178,0.520248551205618
2017-02-02 00:00:00-05:00,115.83999633789062,0.0,-0.001,0.5197283026544124
2017-02-03 00:00:00-05:00,116.12999725341795,1.0,0.0015034610211953634,0.5205096938990654
2017-02-06 00:00:00-05:00,117.6999969482422,0.0,-0.001,0.5199891842051664
2017-02-07 00:00:00-05:00,117.45999908447266,1.0,-0.0030390643159921007,0.5184089036307467
2017-02-08 00:00:00-05:00,118.19000244140624,1.0,0.006214910289660258,0.5216307684601729
2017-02-09 00:00:00-05:00,117.29000091552734,1.0,-0.007614870186038569,0.5176586178733051
2017-02-10 00:00:00-05:00,117.5999984741211,1.0,0.0026430007347089113,0.5190267899806726
2017-02-13 00:00:00-05:00,116.8000030517578,1.0,-0.00680268225121905,0.515496015648564
2017-02-14 00:00:00-05:00,116.93000030517578,1.0,0.0011129901542927811,0.516069757638558
2017-02-15 00:00:00-05:00,117.4499969482422,1.0,0.004447076385096116,0.5183647592708147
2017-02-16 00:00:00-05:00,118.08000183105467,0.0,-0.001,0.5178463945115439
2017-02-17 00:00:00-05:00,117.68000030517578,1.0,-0.004387546745224457,0.5155743192487786
2017-02-21 00:00:00-05:00,117.75,1.0,0.000594830851824435,0.5158809987602762
2017-02-22 00:00:00-05:00,117.91000366210938,1.0,0.0013588421410561935,0.5165819996011618
2017-02-23 00:00:00-05:00,118.94000244140624,0.0,-0.001,0.5160654176015607
2017-02-24 00:00:00-05:00,119.6999969482422,1.0,0.005389730042341002,0.5188468708866211
2017-02-27 00:00:00-05:00,119.12000274658205,1.0,-0.004845398633643638,0.5163328509673567
2017-02-28 00:00:00-05:00,119.2300033569336,1.0,0.0009234436519076628,0.5168096552608539
2017-03-01 00:00:00-05:00,119.05999755859376,1.0,-0.0014258642418292222,0.5160727548535853
2017-03-02 00:00:00-05:00,117.58000183105467,1.0,-0.012430671576410313,0.509657623928467
2017-03-03 00:00:00-05:00,117.51000213623048,1.0,-0.0005953367386808406,0.5093542060207936
2017-03-06 00:00:00-05:00,116.72000122070312,1.0,-0.006722839768239508,0.505929899308437
2017-03-07 00:00:00-05:00,115.77999877929688,1.0,-0.008053482107396648,0.5018554019167595
2017-03-08 00:00:00-05:00,115.05999755859376,1.0,-0.0062187012290058075,0.4987345131120765
2017-03-09 00:00:00-05:00,114.47000122070312,1.0,-0.005127727710842245,0.4961771383288383
2017-03-10 00:00:00-05:00,114.72000122070312,0.0,-0.001,0.4956809611905095
2017-03-13 00:00:00-04:00,114.73999786376952,0.0,0.0,0.4956809611905095
2017-03-14 00:00:00-04:00,114.12000274658205,1.0,-0.006403478549159346,0.49250687878829935
2017-03-15 00:00:00-04:00,116.25,0.0,-0.001,0.49201437190951103
2017-03-16 00:00:00-04:00,116.7300033569336,1.0,0.003129061134912737,0.4935539149584716
2017-03-17 00:00:00-04:00,116.98999786376952,0.0,-0.001,0.49306036104351314
2017-03-20 00:00:00-04:00,117.51000213623048,0.0,0.0,0.49306036104351314
2017-03-21 00:00:00-04:00,118.54000091552734,0.0,0.0,0.49306036104351314
2017-03-22 00:00:00-04:00,118.83000183105467,0.0,0.0,0.49306036104351314
2017-03-23 00:00:00-04:00,118.66999816894533,0.0,-0.0,0.49306036104351314
2017-03-24 00:00:00-04:00,118.86000061035156,1.0,0.000601099219161739,0.49335673924153606
2017-03-27 00:00:00-04:00,119.52999877929688,1.0,0.005636868294673025,0.49613772620292995
2017-03-28 00:00:00-04:00,119.04000091552734,1.0,-0.004099371444605038,0.4941038733755424
2017-03-29 00:00:00-04:00,119.33000183105467,1.0,0.002436163586163831,0.4953075912396424
2017-03-30 00:00:00-04:00,118.47000122070312,1.0,-0.007206910225050711,0.49173795389579217
2017-03-31 00:00:00-04:00,118.72000122070312,1.0,0.0021102388572973307,0.49277563843371097
2017-04-03 00:00:00-04:00,119.3499984741211,0.0,-0.001,0.4922828627952773
2017-04-04 00:00:00-04:00,119.62000274658205,0.0,0.0,0.4922828627952773
2017-04-05 00:00:00-04:00,119.62000274658205,1.0,-0.001,0.491790579932482
2017-04-06 00:00:00-04:00,119.18000030517578,1.0,-0.003678334988324816,0.48998160943538777
2017-04-07 00:00:00-04:00,119.45999908447266,1.0,0.0023493772325884343,0.4911327610729823
2017-04-10 00:00:00-04:00,119.45999908447266,1.0,0.0,0.4911327610729823
2017-04-11 00:00:00-04:00,121.19000244140624,1.0,0.014481863135711759,0.4982452785003055
2017-04-12 00:00:00-04:00,122.0199966430664,1.0,0.006848701913851896,0.5016576118927382
2017-04-13 00:00:00-04:00,122.5999984741211,1.0,0.004753334264967268,0.5040421582086295
2017-04-17 00:00:00-04:00,122.23999786376952,1.0,-0.0029363834815019363,0.5025620971412851
2017-04-18 00:00:00-04:00,122.81999969482422,1.0,0.004744779460001958,0.5049466434571765
2017-04-19 00:00:00-04:00,121.7300033569336,1.0,-0.008874746300268521,0.500465370101322
2017-04-20 00:00:00-04:00,121.95999908447266,1.0,0.0018893922713916211,0.5014109455036906
2017-04-21 00:00:00-04:00,122.30999755859376,1.0,0.002869780885113693,0.5028498850506838
2017-04-24 00:00:00-04:00,121.4800033569336,1.0,-0.0067859882121455994,0.49943755165825116
2017-04-25 00:00:00-04:00,120.25,1.0,-0.010125150830952667,0.4943806711170696
2017-04-26 00:00:00-04:00,120.83999633789062,0.0,-0.001,0.49388629044595256
2017-04-27 00:00:00-04:00,120.38999938964844,1.0,-0.004723907331012466,0.49155321737782837
2017-04-28 00:00:00-04:00,120.7699966430664,1.0,0.0031563855415273068,0.493104748846051
2017-05-01 00:00:00-04:00,119.66999816894533,1.0,-0.00910820985920957,0.4886134473109883
2017-05-02 00:00:00-04:00,119.6500015258789,0.0,-0.001,0.48812483386367733
2017-05-03 00:00:00-04:00,117.9800033569336,1.0,-0.01495736019764371,0.4808237749021633
2017-05-04 00:00:00-04:00,116.79000091552734,1.0,-0.010086475737808298,0.47597395756245126
2017-05-05 00:00:00-04:00,117.01000213623048,0.0,-0.001,0.4754979836048888
2017-05-08 00:00:00-04:00,116.75,0.0,-0.0,0.4754979836048888
2017-05-09 00:00:00-04:00,116.0500030517578,1.0,-0.006995691205500697,0.4721715465427508
2017-05-10 00:00:00-04:00,116.04000091552734,0.0,-0.001,0.471699374996208
2017-05-11 00:00:00-04:00,116.5,0.0,0.0,0.471699374996208
2017-05-12 00:00:00-04:00,116.83000183105467,0.0,0.0,0.471699374996208
2017-05-15 00:00:00-04:00,117.13999938964844,0.0,0.0,0.471699374996208
2017-05-16 00:00:00-04:00,117.6500015258789,0.0,0.0,0.471699374996208
2017-05-17 00:00:00-04:00,119.79000091552734,1.0,0.017189539837597967,0.47980767019407533
2017-05-18 00:00:00-04:00,118.80999755859376,1.0,-0.008181011348556977,0.4758823581990929
2017-05-19 00:00:00-04:00,119.4000015258789,0.0,-0.001,0.4754064758408938
2017-05-22 00:00:00-04:00,119.9000015258789,0.0,0.0,0.4754064758408938
2017-05-23 00:00:00-04:00,119.13999938964844,1.0,-0.007338633249028169,0.4719176420704845
2017-05-24 00:00:00-04:00,119.61000061035156,1.0,0.003944948993712671,0.4737793330976857
2017-05-25 00:00:00-04:00,119.4800033569336,1.0,-0.0010868426783263718,0.4732644094983661
2017-05-26 00:00:00-04:00,120.54000091552734,0.0,-0.001,0.47279114508886777
2017-05-30 00:00:00-04:00,120.13999938964844,0.0,-0.0,0.47279114508886777
2017-05-31 00:00:00-04:00,120.62000274658205,1.0,0.002995366733579031,0.47420732795679776
2017-06-01 00:00:00-04:00,120.72000122070312,1.0,0.0008290372396291268,0.47460046349097895
2017-06-02 00:00:00-04:00,121.61000061035156,0.0,-0.001,0.474125863027488
2017-06-05 00:00:00-04:00,121.7300033569336,0.0,0.0,0.474125863027488
2017-06-06 00:00:00-04:00,123.0999984741211,1.0,0.010254375087548673,0.47898772746567964
2017-06-07 00:00:00-04:00,122.4499969482422,1.0,-0.0052802724121523426,0.47645854178258307
2017-06-08 00:00:00-04:00,121.6500015258789,1.0,-0.0065332416684456,0.47334572298412225
2017-06-09 00:00:00-04:00,120.54000091552734,1.0,-0.00912454251071615,0.469026659812488
2017-06-12 00:00:00-04:00,120.36000061035156,1.0,-0.0014932827593217013,0.46832627038772773
2017-06-13 00:00:00-04:00,120.4800033569336,1.0,0.0009970317877492363,0.4687932065663423
2017-06-14 00:00:00-04:00,119.81999969482422,1.0,-0.00547811789275976,0.46622510211344703
2017-06-15 00:00:00-04:00,119.31999969482422,1.0,-0.004172926066378535,0.46427957923203783
2017-06-16 00:00:00-04:00,119.33999633789062,0.0,-0.001,0.46381529965280577
2017-06-19 00:00:00-04:00,118.43000030517578,1.0,-0.008625239321596312,0.4598147816922824
2017-06-20 00:00:00-04:00,118.18000030517578,0.0,-0.001,0.45935496691059013
2017-06-21 00:00:00-04:00,118.5199966430664,0.0,0.0,0.45935496691059013
2017-06-22 00:00:00-04:00,118.91999816894533,0.0,0.0,0.45935496691059013
2017-06-23 00:00:00-04:00,119.43000030517578,0.0,0.0,0.45935496691059013
2017-06-26 00:00:00-04:00,118.36000061035156,1.0,-0.009959220397639523,0.4547801495543772
2017-06-27 00:00:00-04:00,118.80999755859376,0.0,-0.001,0.4543253694048228
2017-06-28 00:00:00-04:00,118.9000015258789,0.0,0.0,0.4543253694048228
2017-06-29 00:00:00-04:00,118.31999969482422,0.0,-0.0,0.4543253694048228
2017-06-30 00:00:00-04:00,118.0199966430664,0.0,-0.0,0.4543253694048228
2017-07-03 00:00:00-04:00,116.08999633789062,1.0,-0.017353163532217164,0.44644138697270597
2017-07-05 00:00:00-04:00,116.5199966430664,0.0,-0.001,0.44599494558573327
2017-07-06 00:00:00-04:00,116.47000122070312,0.0,-0.0,0.44599494558573327
2017-07-07 00:00:00-04:00,115.27999877929688,1.0,-0.011217244173899132,0.44099211138077327
2017-07-10 00:00:00-04:00,115.47000122070312,0.0,-0.001,0.4405511192693925
2017-07-11 00:00:00-04:00,115.62000274658205,0.0,0.0,0.4405511192693925
2017-07-12 00:00:00-04:00,116.02999877929688,0.0,0.0,0.4405511192693925
2017-07-13 00:00:00-04:00,115.81999969482422,1.0,-0.002809868884615762,0.43931322838727477
2017-07-14 00:00:00-04:00,116.7699966430664,0.0,-0.001,0.4388739151588875
2017-07-17 00:00:00-04:00,117.29000091552734,1.0,0.0034532353122390677,0.44038945006033486
2017-07-18 00:00:00-04:00,118.11000061035156,1.0,0.006991215691223296,0.4434683076938459
2017-07-19 00:00:00-04:00,118.08000183105467,0.0,-0.001,0.443024839386152
2017-07-20 00:00:00-04:00,118.23999786376952,0.0,0.0,0.443024839386152
2017-07-21 00:00:00-04:00,119.26000213623048,1.0,0.007626558617128577,0.44640359429257453
2017-07-24 00:00:00-04:00,119.30999755859376,0.0,-0.001,0.44595719069828194
2017-07-25 00:00:00-04:00,118.91999816894533,0.0,-0.0,0.44595719069828194
2017-07-26 00:00:00-04:00,119.87999725341795,1.0,0.007072646310579357,0.44911128817775053
2017-07-27 00:00:00-04:00,119.79000091552734,1.0,-0.0007507202198242524,0.44877413125276416
2017-07-28 00:00:00-04:00,120.69000244140624,1.0,0.00751316068954333,0.4521458434141764
2017-07-31 00:00:00-04:00,120.75,0.0,-0.001,0.4516936975707622
2017-08-01 00:00:00-04:00,120.6500015258789,1.0,-0.0018281447132181263,0.45086793612555426
2017-08-02 00:00:00-04:00,120.4000015258789,1.0,-0.002072109381170417,0.4499336884454396
2017-08-03 00:00:00-04:00,120.58999633789062,1.0,0.0015780299800982611,0.45064369729486264
2017-08-04 00:00:00-04:00,119.6500015258789,1.0,-0.007794965092940864,0.4471309454050954
2017-08-07 00:00:00-04:00,119.51000213623048,1.0,-0.0011700742821816323,0.44660776898510934
2017-08-08 00:00:00-04:00,119.86000061035156,1.0,0.0029286123995053703,0.4479157100350746
2017-08-09 00:00:00-04:00,121.30999755859376,0.0,-0.001,0.4474677943250395
2017-08-10 00:00:00-04:00,122.20999908447266,1.0,0.0064190218777654415,0.45034009988640744
2017-08-11 00:00:00-04:00,122.79000091552734,1.0,0.004745944156777204,0.4524773888520258
2017-08-14 00:00:00-04:00,121.91999816894533,1.0,-0.007085289845225495,0.4492714554035984
2017-08-15 00:00:00-04:00,120.9800033569336,1.0,-0.007709931316675189,0.445807603339894
2017-08-16 00:00:00-04:00,121.87000274658205,0.0,-0.001,0.4453617957365541
2017-08-17 00:00:00-04:00,122.48999786376952,1.0,0.004087348020141658,0.44718214439060466
2017-08-18 00:00:00-04:00,122.3000030517578,1.0,-0.0015511047050799087,0.4464885180624127
2017-08-21 00:00:00-04:00,122.76000213623048,1.0,0.0037612352656934966,0.44816786642227624
2017-08-22 00:00:00-04:00,122.20999908447266,1.0,-0.004480311519932001,0.44615993476748117
2017-08-23 00:00:00-04:00,122.66999816894533,1.0,0.003764005301683415,0.4478392831273447
2017-08-24 00:00:00-04:00,122.29000091552734,1.0,-0.003097719565420043,0.44645200261783746
2017-08-25 00:00:00-04:00,122.73999786376952,1.0,0.003679752595251218,0.44809483553312557
2017-08-28 00:00:00-04:00,124.69000244140624,1.0,0.015887278895027057,0.45521384315666164
2017-08-29 00:00:00-04:00,124.41999816894533,1.0,-0.0021654043401577727,0.4542281211249903
2017-08-30 00:00:00-04:00,124.36000061035156,1.0,-0.0004822179671816196,0.45400908416378466
2017-08-31 00:00:00-04:00,125.81999969482422,1.0,0.011740101940391323,0.4593391970937312
2017-09-01 00:00:00-04:00,126.05999755859376,1.0,0.0019074699121892635,0.4602153727916767
2017-09-05 00:00:00-04:00,127.45999908447266,1.0,0.011105834943620163,0.4653264487604177
2017-09-06 00:00:00-04:00,126.80999755859376,1.0,-0.005099651110526904,0.46295344621923906
2017-09-07 00:00:00-04:00,128.1300048828125,1.0,0.010409331674411604,0.467772482190747
2017-09-08 00:00:00-04:00,127.97000122070312,1.0,-0.0012487602904230899,0.46718834649003455
2017-09-11 00:00:00-04:00,126.19000244140624,1.0,-0.013909500369754801,0.4606899900117863
2017-09-12 00:00:00-04:00,126.55999755859376,1.0,0.0029320477853174154,0.46204075507671827
2017-09-13 00:00:00-04:00,125.61000061035156,1.0,-0.007506297144185492,0.4585725398763886
2017-09-14 00:00:00-04:00,126.16000366210938,1.0,0.004378656548724491,0.46058047153118353
2017-09-15 00:00:00-04:00,125.52999877929688,1.0,-0.004993697404288455,0.4582804720260323
2017-09-18 00:00:00-04:00,124.36000061035156,1.0,-0.009320466663927607,0.45400908416378466
2017-09-19 00:00:00-04:00,124.62000274658205,0.0,-0.001,0.4535550750796209
2017-09-20 00:00:00-04:00,123.62000274658205,1.0,-0.009024393981386214,0.4494620153898452
2017-09-21 00:00:00-04:00,122.68000030517578,1.0,-0.00760396716163525,0.44604432098441843
2017-09-22 00:00:00-04:00,123.23999786376952,0.0,-0.001,0.445598276663434
2017-09-25 00:00:00-04:00,124.52999877929688,0.0,0.0,0.445598276663434
2017-09-26 00:00:00-04:00,123.13999938964844,1.0,-0.012161964211626741,0.44017892636989076
2017-09-27 00:00:00-04:00,121.9800033569336,1.0,-0.009420139990778287,0.4360323792624959
2017-09-28 00:00:00-04:00,122.20999908447266,0.0,-0.001,0.4355963468832334
2017-09-29 00:00:00-04:00,121.58000183105467,1.0,-0.006155038524978006,0.4329152345868274
2017-10-02 00:00:00-04:00,120.7699966430664,1.0,-0.006662322551317601,0.43003101365663066
2017-10-03 00:00:00-04:00,120.83000183105467,0.0,-0.001,0.429600982642974
2017-10-04 00:00:00-04:00,121.16999816894533,0.0,0.0,0.429600982642974
2017-10-05 00:00:00-04:00,120.5199966430664,1.0,-0.0063643767904710815,0.4268668401198775
2017-10-06 00:00:00-04:00,121.08999633789062,0.0,-0.001,0.42643997327975763
2017-10-09 00:00:00-04:00,122.08000183105467,0.0,0.0,0.42643997327975763
2017-10-10 00:00:00-04:00,122.4000015258789,1.0,0.0016212294399132752,0.42713133031879463
2017-10-11 00:00:00-04:00,122.79000091552734,0.0,-0.001,0.42670419898847584
2017-10-12 00:00:00-04:00,122.88999938964844,0.0,0.0,0.42670419898847584
2017-10-13 00:00:00-04:00,123.81999969482422,1.0,0.0065677460313676725,0.4295066837979504
2017-10-16 00:00:00-04:00,122.97000122070312,1.0,-0.006864791440930884,0.4265582099911916
2017-10-17 00:00:00-04:00,122.12999725341795,0.0,-0.001,0.4261316517812004
2017-10-18 00:00:00-04:00,121.66999816894533,0.0,-0.0,0.4261316517812004
2017-10-19 00:00:00-04:00,122.38999938964844,1.0,0.004917656213846101,0.42822722074649877
2017-10-20 00:00:00-04:00,121.61000061035156,0.0,-0.001,0.4277989935257523
2017-10-23 00:00:00-04:00,121.8000030517578,0.0,0.0,0.4277989935257523
2017-10-24 00:00:00-04:00,121.33000183105467,0.0,-0.0,0.4277989935257523
2017-10-25 00:00:00-04:00,121.3499984741211,0.0,0.0,0.4277989935257523
2017-10-26 00:00:00-04:00,120.33000183105467,0.0,-0.0,0.4277989935257523
2017-10-27 00:00:00-04:00,120.9000015258789,0.0,0.0,0.4277989935257523
2017-10-30 00:00:00-04:00,121.12999725341795,0.0,0.0,0.4277989935257523
2017-10-31 00:00:00-04:00,120.66999816894533,0.0,-0.0,0.4277989935257523
2017-11-01 00:00:00-04:00,121.11000061035156,0.0,0.0,0.4277989935257523
2017-11-02 00:00:00-04:00,121.19000244140624,0.0,0.0,0.4277989935257523
2017-11-03 00:00:00-04:00,120.62000274658205,0.0,-0.0,0.4277989935257523
2017-11-06 00:00:00-05:00,121.6500015258789,1.0,0.007539203746005919,0.43102425730027927
2017-11-07 00:00:00-05:00,121.20999908447266,0.0,-0.001,0.430593233042979
2017-11-08 00:00:00-05:00,121.62999725341795,0.0,0.0,0.430593233042979
2017-11-09 00:00:00-05:00,122.12999725341795,0.0,0.0,0.430593233042979
2017-11-10 00:00:00-05:00,121.12999725341795,0.0,-0.0,0.430593233042979
2017-11-13 00:00:00-05:00,121.30999755859376,1.0,0.00048600932268849737,0.4308025053685245
2017-11-14 00:00:00-05:00,121.55999755859376,1.0,0.0020608359165059653,0.4316903186445087
2017-11-15 00:00:00-05:00,121.41000366210938,1.0,-0.0012339083538734918,0.4311576523540469
2017-11-16 00:00:00-05:00,121.4000015258789,0.0,-0.001,0.43072649470169283
2017-11-17 00:00:00-05:00,122.86000061035156,1.0,0.011026351450757033,0.4354758364114264
2017-11-20 00:00:00-05:00,121.30999755859376,0.0,-0.001,0.435040360575015
2017-11-21 00:00:00-05:00,121.51000213623048,1.0,0.0006487064682373376,0.43532257407086433
2017-11-22 00:00:00-05:00,122.62999725341795,1.0,0.009217308019892734,0.4393350763240881
2017-11-24 00:00:00-05:00,122.31999969482422,0.0,-0.001,0.438895741247764
2017-11-27 00:00:00-05:00,122.83000183105467,1.0,0.003169409233999888,0.4402867814628379
2017-11-28 00:00:00-05:00,122.80999755859376,1.0,-0.00016286145211019676,0.44021507571826396
2017-11-29 00:00:00-05:00,122.04000091552734,1.0,-0.0062698205225437675,0.4374550062021924
2017-11-30 00:00:00-05:00,121.0999984741211,0.0,-0.001,0.43701755119599023
2017-12-01 00:00:00-05:00,121.58999633789062,1.0,0.0030462251853310427,0.4383488050668752
2017-12-04 00:00:00-05:00,121.18000030517578,1.0,-0.00337195530112111,0.43687071248988985
2017-12-05 00:00:00-05:00,120.31999969482422,1.0,-0.007096885692240984,0.43377029098106124
2017-12-06 00:00:00-05:00,120.06999969482422,1.0,-0.002077792558461522,0.4328690062983791
2017-12-07 00:00:00-05:00,118.48999786376952,1.0,-0.013159005872162122,0.42717288050262175
2017-12-08 00:00:00-05:00,118.4800033569336,0.0,-0.001,0.4267457076221191
2017-12-11 00:00:00-05:00,118.01000213623048,0.0,-0.0,0.4267457076221191
2017-12-12 00:00:00-05:00,118.1500015258789,0.0,0.0,0.4267457076221191
2017-12-13 00:00:00-05:00,119.16999816894533,0.0,0.0,0.4267457076221191
2017-12-14 00:00:00-05:00,118.93000030517578,1.0,-0.003013911785324507,0.4254595337045802
2017-12-15 00:00:00-05:00,119.18000030517578,0.0,-0.001,0.4250340741708756
2017-12-18 00:00:00-05:00,119.7300033569336,0.0,0.0,0.4250340741708756
2017-12-19 00:00:00-05:00,119.81999969482422,0.0,0.0,0.4250340741708756
2017-12-20 00:00:00-05:00,120.13999938964844,0.0,0.0,0.4250340741708756
2017-12-21 00:00:00-05:00,120.30999755859376,0.0,0.0,0.4250340741708756
2017-12-22 00:00:00-05:00,120.94000244140624,0.0,0.0,0.4250340741708756
2017-12-26 00:00:00-05:00,121.7699966430664,1.0,0.005862859144246336,0.4275259890792446
2017-12-27 00:00:00-05:00,122.2300033569336,1.0,0.0037776687734956127,0.4291410406580471
2017-12-28 00:00:00-05:00,122.8499984741211,1.0,0.005072364396301321,0.4313178003936727
2017-12-29 00:00:00-05:00,123.6500015258789,1.0,0.006512031434223742,0.4341265554679765
2018-01-02 00:00:00-05:00,125.1500015258789,1.0,0.012131014811884722,0.439392951142591
2018-01-03 00:00:00-05:00,124.81999969482422,0.0,-0.001,0.43895355819144843
2018-01-04 00:00:00-05:00,125.45999908447266,1.0,0.00412737855482448,0.4407652856940918
2018-01-05 00:00:00-05:00,125.33000183105467,0.0,-0.001,0.4403245204083977
2018-01-08 00:00:00-05:00,125.30999755859376,1.0,-0.0011596127995583396,0.43981391445857276
2018-01-09 00:00:00-05:00,124.7300033569336,1.0,-0.0046284750854692636,0.43777824671325855
2018-01-10 00:00:00-05:00,125.02999877929688,1.0,0.002405158456580736,0.43883117276544803
2018-01-11 00:00:00-05:00,125.44000244140624,1.0,0.003279242310744168,0.440270206514454
2018-01-12 00:00:00-05:00,126.95999908447266,0.0,-0.001,0.43982993630793954
2018-01-16 00:00:00-05:00,127.16999816894533,0.0,0.0,0.43982993630793954
2018-01-17 00:00:00-05:00,126.13999938964844,1.0,-0.009099385028916496,0.4358277543702298
2018-01-18 00:00:00-05:00,125.86000061035156,1.0,-0.002219746160232239,0.4348603273859438
2018-01-19 00:00:00-05:00,126.41999816894533,1.0,0.004449368789751107,0.4367951813545158
2018-01-22 00:00:00-05:00,126.6500015258789,1.0,0.0018193589642852004,0.4375898685832697
2018-01-23 00:00:00-05:00,127.27999877929688,1.0,0.004974316982453653,0.43976657929791313
2018-01-24 00:00:00-05:00,128.8300018310547,1.0,0.012177899643490031,0.445122012567164
2018-01-25 00:00:00-05:00,127.97000122070312,1.0,-0.006675468432262743,0.44215061462376665
2018-01-26 00:00:00-05:00,128.07000732421875,1.0,0.0007814808358339587,0.4424961468556473
2018-01-29 00:00:00-05:00,127.3499984741211,1.0,-0.005621994291566623,0.44000843604398465
2018-01-30 00:00:00-05:00,126.8000030517578,1.0,-0.004318770545372774,0.43810814057068237
2018-01-31 00:00:00-05:00,127.6500015258789,0.0,-0.001,0.4376700324301117
2018-02-01 00:00:00-05:00,128.07000732421875,1.0,0.002290292152912322,0.4386724246709513
2018-02-02 00:00:00-05:00,126.38999938964844,1.0,-0.013117887393550687,0.4329179692014619
2018-02-05 00:00:00-05:00,126.70999908447266,1.0,0.002531843471552664,0.43401404973550245
2018-02-06 00:00:00-05:00,125.37999725341795,1.0,-0.010496423649786646,0.429458454399519
2018-02-07 00:00:00-05:00,124.79000091552734,1.0,-0.004705665583148111,0.4274375665312592
2018-02-08 00:00:00-05:00,124.9800033569336,0.0,-0.001,0.42701012896472795
2018-02-09 00:00:00-05:00,124.7699966430664,1.0,-0.0026803225174144565,0.42586560410089974
2018-02-12 00:00:00-05:00,125.37000274658205,0.0,-0.001,0.42543973849679884
2018-02-13 00:00:00-05:00,126.08000183105467,0.0,0.0,0.42543973849679884
2018-02-14 00:00:00-05:00,128.22999572753906,1.0,0.016052616317101198,0.43226915938493576
2018-02-15 00:00:00-05:00,128.3800048828125,1.0,0.001169844500285011,0.4327748470836851
2018-02-16 00:00:00-05:00,127.95999908447266,1.0,-0.003271582663696204,0.4313589883966823
2018-02-20 00:00:00-05:00,126.23999786376952,0.0,-0.001,0.4309276294082856
2018-02-21 00:00:00-05:00,125.66000366210938,0.0,-0.0,0.4309276294082856
2018-02-22 00:00:00-05:00,126.3000030517578,0.0,0.0,0.4309276294082856
2018-02-23 00:00:00-05:00,126.13999938964844,0.0,-0.0,0.4309276294082856
2018-02-26 00:00:00-05:00,126.4499969482422,0.0,0.0,0.4309276294082856
2018-02-27 00:00:00-05:00,125.12999725341795,0.0,-0.0,0.4309276294082856
2018-02-28 00:00:00-05:00,125.0,0.0,-0.0,0.4309276294082856
2018-03-01 00:00:00-05:00,124.72000122070312,1.0,-0.0032399902343750444,0.4295314280972804
2018-03-02 00:00:00-05:00,125.38999938964844,1.0,0.005372018620811936,0.43183887892724293
2018-03-05 00:00:00-05:00,125.18000030517578,0.0,-0.001,0.4314070400483157
2018-03-06 00:00:00-05:00,126.52999877929688,0.0,0.0,0.4314070400483157
2018-03-07 00:00:00-05:00,125.72000122070312,1.0,-0.007401624645603676,0.42821392706840716
2018-03-08 00:00:00-05:00,125.41999816894533,0.0,-0.001,0.42778571314133873
2018-03-09 00:00:00-05:00,125.54000091552734,0.0,0.0,0.42778571314133873
2018-03-12 00:00:00-04:00,125.54000091552734,0.0,0.0,0.42778571314133873
2018-03-13 00:00:00-04:00,125.77999877929688,0.0,0.0,0.42778571314133873
2018-03-14 00:00:00-04:00,125.6999969482422,0.0,-0.0,0.42778571314133873
2018-03-15 00:00:00-04:00,124.9000015258789,0.0,-0.0,0.42778571314133873
2018-03-16 00:00:00-04:00,124.5999984741211,0.0,-0.0,0.42778571314133873
2018-03-19 00:00:00-04:00,124.87000274658205,0.0,0.0,0.42778571314133873
2018-03-20 00:00:00-04:00,124.30999755859376,0.0,-0.0,0.42778571314133873
2018-03-21 00:00:00-04:00,126.4800033569336,1.0,0.016456406089276787,0.43482552855598344
2018-03-22 00:00:00-04:00,125.9800033569336,1.0,-0.003953194075975608,0.433106578852413
2018-03-23 00:00:00-04:00,127.61000061035156,1.0,0.012938539529958382,0.43871034544357995
2018-03-26 00:00:00-04:00,128.27999877929688,1.0,0.005250357853935794,0.44101373175138253
2018-03-27 00:00:00-04:00,127.48999786376952,0.0,-0.001,0.44057271801963116
2018-03-28 00:00:00-04:00,125.7300033569336,0.0,-0.0,0.44057271801963116
2018-03-29 00:00:00-04:00,125.79000091552734,0.0,0.0,0.44057271801963116
2018-04-02 00:00:00-04:00,127.26000213623048,1.0,0.010686153191860615,0.4452807455765434
2018-04-03 00:00:00-04:00,126.3000030517578,1.0,-0.007543604183229635,0.4419217238815006
2018-04-04 00:00:00-04:00,126.4499969482422,1.0,0.0011876001018220617,0.44244655016577966
2018-04-05 00:00:00-04:00,125.8000030517578,1.0,-0.005140323544257974,0.4401722317468868
2018-04-06 00:00:00-04:00,126.38999938964844,1.0,0.004689954877408864,0.44223661965206806
2018-04-09 00:00:00-04:00,126.81999969482422,0.0,-0.001,0.44179438303241597
2018-04-10 00:00:00-04:00,127.12000274658205,0.0,0.0,0.44179438303241597
2018-04-11 00:00:00-04:00,128.11000061035156,1.0,0.006787899955785216,0.4447932391054679
2018-04-12 00:00:00-04:00,126.62000274658205,1.0,-0.011630613197024076,0.4396200209887808
2018-04-13 00:00:00-04:00,127.4499969482422,1.0,0.006555000660688037,0.4425017305168139
2018-04-16 00:00:00-04:00,127.62999725341795,1.0,0.0014123209845886553,0.4431266849965396
2018-04-17 00:00:00-04:00,127.75,1.0,0.0009402393572395251,0.44354333014601643
2018-04-18 00:00:00-04:00,127.8499984741211,1.0,0.0007827669207129961,0.4438905211927576
2018-04-19 00:00:00-04:00,127.5999984741211,1.0,-0.001955416527053,0.44302253033141514
2018-04-20 00:00:00-04:00,126.62999725341795,0.0,-0.001,0.44257950780108374
2018-04-23 00:00:00-04:00,125.62000274658205,0.0,-0.0,0.44257950780108374
2018-04-24 00:00:00-04:00,126.2300033569336,0.0,0.0,0.44257950780108374
2018-04-25 00:00:00-04:00,125.41000366210938,1.0,-0.007496075996334616,0.43926189817618644
2018-04-26 00:00:00-04:00,124.97000122070312,1.0,-0.0035085115107064135,0.43772074275022055
2018-04-27 00:00:00-04:00,125.5,0.0,-0.001,0.4372830220074703
2018-04-30 00:00:00-04:00,124.58999633789062,1.0,-0.008251025196090667,0.433674988775064
2018-05-01 00:00:00-04:00,123.70999908447266,1.0,-0.007063145351023148,0.4306118792942424
2018-05-02 00:00:00-04:00,123.6500015258789,0.0,-0.001,0.43018126741494817
2018-05-03 00:00:00-04:00,124.27999877929688,0.0,0.0,0.43018126741494817
2018-05-04 00:00:00-04:00,124.54000091552734,0.0,0.0,0.43018126741494817
2018-05-07 00:00:00-04:00,124.56999969482422,0.0,0.0,0.43018126741494817
2018-05-08 00:00:00-04:00,124.58999633789062,0.0,0.0,0.43018126741494817
2018-05-09 00:00:00-04:00,124.33000183105467,0.0,-0.0,0.43018126741494817
2018-05-10 00:00:00-04:00,125.18000030517578,0.0,0.0,0.43018126741494817
2018-05-11 00:00:00-04:00,125.0,0.0,-0.0,0.43018126741494817
2018-05-14 00:00:00-04:00,124.48999786376952,0.0,-0.0,0.43018126741494817
2018-05-15 00:00:00-04:00,122.4800033569336,0.0,-0.0,0.43018126741494817
2018-05-16 00:00:00-04:00,122.29000091552734,0.0,-0.0,0.43018126741494817
2018-05-17 00:00:00-04:00,122.36000061035156,0.0,0.0,0.43018126741494817
2018-05-18 00:00:00-04:00,122.41000366210938,0.0,0.0,0.43018126741494817
2018-05-21 00:00:00-04:00,122.4800033569336,0.0,0.0,0.43018126741494817
2018-05-22 00:00:00-04:00,122.41000366210938,0.0,-0.0,0.43018126741494817
2018-05-23 00:00:00-04:00,122.54000091552734,0.0,0.0,0.43018126741494817
2018-05-24 00:00:00-04:00,123.58999633789062,1.0,0.007568593230932731,0.43343713444357906
2018-05-25 00:00:00-04:00,123.20999908447266,0.0,-0.001,0.43300369730913546
2018-05-29 00:00:00-04:00,123.19000244140624,0.0,-0.0,0.43300369730913546
2018-05-30 00:00:00-04:00,123.37000274658205,0.0,0.0,0.43300369730913546
2018-05-31 00:00:00-04:00,123.0999984741211,0.0,-0.0,0.43300369730913546
2018-06-01 00:00:00-04:00,122.48999786376952,0.0,-0.0,0.43300369730913546
2018-06-04 00:00:00-04:00,122.37000274658205,0.0,-0.0,0.43300369730913546
2018-06-05 00:00:00-04:00,122.8499984741211,1.0,0.0029224950295464467,0.4342691484622967
2018-06-06 00:00:00-04:00,122.91999816894533,0.0,-0.001,0.4338348793138344
2018-06-07 00:00:00-04:00,122.86000061035156,0.0,-0.0,0.4338348793138344
2018-06-08 00:00:00-04:00,123.01000213623048,0.0,0.0,0.4338348793138344
2018-06-11 00:00:00-04:00,123.2300033569336,0.0,0.0,0.4338348793138344
2018-06-12 00:00:00-04:00,122.81999969482422,0.0,-0.0,0.4338348793138344
2018-06-13 00:00:00-04:00,123.19000244140624,1.0,0.002012561044629436,0.434707998491743
2018-06-14 00:00:00-04:00,123.37999725341795,1.0,0.0015422908372948463,0.4353784446547156
2018-06-15 00:00:00-04:00,121.33999633789062,1.0,-0.01653429211330948,0.42817977027095616
2018-06-18 00:00:00-04:00,121.11000061035156,0.0,-0.001,0.42775159050068523
2018-06-19 00:00:00-04:00,120.8000030517578,0.0,-0.0,0.42775159050068523
2018-06-20 00:00:00-04:00,120.26000213623048,0.0,-0.0,0.42775159050068523
2018-06-21 00:00:00-04:00,120.0500030517578,0.0,-0.0,0.42775159050068523
2018-06-22 00:00:00-04:00,120.33999633789062,0.0,0.0,0.42775159050068523
2018-06-25 00:00:00-04:00,119.88999938964844,0.0,-0.0,0.42775159050068523
2018-06-26 00:00:00-04:00,119.26000213623048,0.0,-0.0,0.42775159050068523
2018-06-27 00:00:00-04:00,118.58000183105467,1.0,-0.006701830395735241,0.42488487188964363
2018-06-28 00:00:00-04:00,118.22000122070312,1.0,-0.003035930214138949,0.4235949510695433
2018-06-29 00:00:00-04:00,118.6500015258789,0.0,-0.001,0.4231713561184738
2018-07-02 00:00:00-04:00,117.45999908447266,1.0,-0.011029518972628938,0.418503979617492
2018-07-03 00:00:00-04:00,118.6500015258789,0.0,-0.001,0.41808547563787446
2018-07-05 00:00:00-04:00,119.0500030517578,1.0,0.002371272825408722,0.41907687036495267
2018-07-06 00:00:00-04:00,118.86000061035156,1.0,-0.0015959885471286128,0.4184080284794837
2018-07-09 00:00:00-04:00,119.1500015258789,0.0,-0.001,0.41798962045100424
2018-07-10 00:00:00-04:00,118.93000030517578,0.0,-0.0,0.41798962045100424
2018-07-11 00:00:00-04:00,117.63999938964844,0.0,-0.0,0.41798962045100424
2018-07-12 00:00:00-04:00,118.12999725341795,0.0,0.0,0.41798962045100424
2018-07-13 00:00:00-04:00,117.61000061035156,0.0,-0.0,0.41798962045100424
2018-07-16 00:00:00-04:00,117.5500030517578,0.0,-0.0,0.41798962045100424
2018-07-17 00:00:00-04:00,116.27999877929688,0.0,-0.0,0.41798962045100424
2018-07-18 00:00:00-04:00,116.30999755859376,0.0,0.0,0.41798962045100424
2018-07-19 00:00:00-04:00,115.80999755859376,0.0,-0.0,0.41798962045100424
2018-07-20 00:00:00-04:00,116.55999755859376,0.0,0.0,0.41798962045100424
2018-07-23 00:00:00-04:00,116.0,0.0,-0.0,0.41798962045100424
2018-07-24 00:00:00-04:00,116.04000091552734,0.0,0.0,0.41798962045100424
2018-07-25 00:00:00-04:00,116.68000030517578,0.0,0.0,0.41798962045100424
2018-07-26 00:00:00-04:00,115.7699966430664,0.0,-0.0,0.41798962045100424
2018-07-27 00:00:00-04:00,115.83000183105467,0.0,0.0,0.41798962045100424
2018-07-30 00:00:00-04:00,115.6500015258789,0.0,-0.0,0.41798962045100424
2018-07-31 00:00:00-04:00,115.98999786376952,0.0,0.0,0.41798962045100424
2018-08-01 00:00:00-04:00,115.13999938964844,0.0,-0.0,0.41798962045100424
2018-08-02 00:00:00-04:00,114.5199966430664,0.0,-0.0,0.41798962045100424
2018-08-03 00:00:00-04:00,114.91999816894533,0.0,0.0,0.41798962045100424
2018-08-06 00:00:00-04:00,114.33000183105467,0.0,-0.0,0.41798962045100424
2018-08-07 00:00:00-04:00,114.58999633789062,0.0,0.0,0.41798962045100424
2018-08-08 00:00:00-04:00,114.91000366210938,0.0,0.0,0.41798962045100424
2018-08-09 00:00:00-04:00,114.73999786376952,0.0,-0.0,0.41798962045100424
2018-08-10 00:00:00-04:00,114.69000244140624,0.0,-0.0,0.41798962045100424
2018-08-13 00:00:00-04:00,112.95999908447266,1.0,-0.01608416880379282,0.411266604837437
2018-08-14 00:00:00-04:00,113.06999969482422,0.0,-0.001,0.41085533823259957
2018-08-15 00:00:00-04:00,111.19000244140624,1.0,-0.01762684406555315,0.4036132552520734
2018-08-16 00:00:00-04:00,111.0999984741211,1.0,-0.0008094609704911715,0.403286546074774
2018-08-17 00:00:00-04:00,112.12999725341795,0.0,-0.001,0.4028832595286992
2018-08-20 00:00:00-04:00,112.69000244140624,1.0,0.0039942495470025605,0.40449247580556663
2018-08-21 00:00:00-04:00,113.0199966430664,1.0,0.002928336094692563,0.4056769657224996
2018-08-22 00:00:00-04:00,113.2699966430664,1.0,0.002211997942183075,0.4065743223358689
2018-08-23 00:00:00-04:00,112.1999969482422,0.0,-0.001,0.406167748013533
2018-08-24 00:00:00-04:00,114.16000366210938,1.0,0.016468866017628536,0.41285687023624973
2018-08-27 00:00:00-04:00,114.58999633789062,1.0,0.00376657902932398,0.4144119282657939
2018-08-28 00:00:00-04:00,113.68000030517578,1.0,-0.007941321771505638,0.41112094979748515
2018-08-29 00:00:00-04:00,114.1999969482422,1.0,0.00457421394854407,0.41300150498058746
2018-08-30 00:00:00-04:00,113.63999938964844,1.0,-0.004903656511020427,0.4109762874616282
2018-08-31 00:00:00-04:00,113.51000213623048,1.0,-0.0011439392301668683,0.4105061555637325
2018-09-04 00:00:00-04:00,112.93000030517578,0.0,-0.001,0.4100956494081688
2018-09-05 00:00:00-04:00,113.31999969482422,1.0,0.0024534613352918963,0.4111018032277632
2018-09-06 00:00:00-04:00,113.54000091552734,0.0,-0.001,0.4106907014245354
2018-09-07 00:00:00-04:00,113.2300033569336,0.0,-0.0,0.4106907014245354
2018-09-10 00:00:00-04:00,113.1500015258789,0.0,-0.0,0.4106907014245354
2018-09-11 00:00:00-04:00,113.22000122070312,0.0,0.0,0.4106907014245354
2018-09-12 00:00:00-04:00,114.16999816894533,1.0,0.007390716640166218,0.4137260000255153
2018-09-13 00:00:00-04:00,113.76000213623048,0.0,-0.001,0.41331227402548976
2018-09-14 00:00:00-04:00,113.0199966430664,0.0,-0.0,0.41331227402548976
2018-09-17 00:00:00-04:00,113.61000061035156,0.0,0.0,0.41331227402548976
2018-09-18 00:00:00-04:00,113.44000244140624,0.0,-0.0,0.41331227402548976
2018-09-19 00:00:00-04:00,113.87999725341795,0.0,0.0,0.41331227402548976
2018-09-20 00:00:00-04:00,114.2699966430664,1.0,0.0024246522572405347,0.4143144125636509
2018-09-21 00:00:00-04:00,113.48999786376952,0.0,-0.001,0.41390009815108725
2018-09-24 00:00:00-04:00,113.47000122070312,0.0,-0.0,0.41390009815108725
2018-09-25 00:00:00-04:00,113.6500015258789,0.0,0.0,0.41390009815108725
2018-09-26 00:00:00-04:00,113.0500030517578,0.0,-0.0,0.41390009815108725
2018-09-27 00:00:00-04:00,112.0500030517578,1.0,-0.009845643281780059,0.4098249854303979
2018-09-28 00:00:00-04:00,112.76000213623048,0.0,-0.001,0.4094151604449675
2018-10-01 00:00:00-04:00,112.56999969482422,0.0,-0.0,0.4094151604449675
2018-10-02 00:00:00-04:00,113.87000274658205,1.0,0.010548397044346847,0.41373383411331593
2018-10-03 00:00:00-04:00,113.41999816894533,0.0,-0.001,0.41332010027920263
2018-10-04 00:00:00-04:00,113.4800033569336,0.0,0.0,0.41332010027920263
2018-10-05 00:00:00-04:00,113.8000030517578,1.0,0.001819877382429281,0.4140722921814042
2018-10-08 00:00:00-04:00,112.54000091552734,0.0,-0.001,0.4136582198892228
2018-10-09 00:00:00-04:00,112.5999984741211,0.0,0.0,0.4136582198892228
2018-10-10 00:00:00-04:00,112.87999725341795,1.0,0.00148666770063255,0.4142731922038333
2018-10-11 00:00:00-04:00,115.77999877929688,1.0,0.02569101343410174,0.4249162903501302
2018-10-12 00:00:00-04:00,115.2300033569336,1.0,-0.004750349180877911,0.42289778959832375
2018-10-15 00:00:00-04:00,116.0,1.0,0.006682258271583086,0.42572370185090136
2018-10-16 00:00:00-04:00,115.8000030517578,1.0,-0.0017241116227776354,0.4249897066684483
2018-10-17 00:00:00-04:00,115.79000091552734,1.0,-8.637423114732368e-05,0.4249529985092893
2018-10-18 00:00:00-04:00,115.91999816894533,1.0,0.001122698440194414,0.4254300925778716
2018-10-19 00:00:00-04:00,116.01000213623048,1.0,0.0007764317521294917,0.4257604100100605
2018-10-22 00:00:00-04:00,115.70999908447266,1.0,-0.002586010225269497,0.4246593892362595
2018-10-23 00:00:00-04:00,116.38999938964844,1.0,0.005876763551604158,0.42715501205676965
2018-10-24 00:00:00-04:00,116.66000366210938,1.0,0.0023198236435848507,0.4281459363532147
2018-10-25 00:00:00-04:00,116.4000015258789,1.0,-0.002228717024418514,0.42719172021592866
2018-10-26 00:00:00-04:00,116.7699966430664,1.0,0.0031786521678458524,0.4285496141034788
2018-10-29 00:00:00-04:00,116.30999755859376,1.0,-0.003939360261169922,0.42686140278373985
2018-10-30 00:00:00-04:00,115.8000030517578,1.0,-0.0043847864976442885,0.4249897066684482
2018-10-31 00:00:00-04:00,115.1500015258789,1.0,-0.005613139108367471,0.4226041803252939
2018-11-01 00:00:00-04:00,116.62999725341795,0.0,-0.001,0.4221815761449686
2018-11-02 00:00:00-04:00,116.6500015258789,1.0,-0.0008284808974360338,0.42183180677388304
2018-11-05 00:00:00-05:00,116.37000274658205,1.0,-0.0024003324100664303,0.4208192702164868
2018-11-06 00:00:00-05:00,116.04000091552734,1.0,-0.002835798085983887,0.41962591173546177
2018-11-07 00:00:00-05:00,116.02999877929688,1.0,-8.619558903444346e-05,0.4195897418328256
2018-11-08 00:00:00-05:00,115.77999877929688,1.0,-0.0021546152083956605,0.4186856873937858
2018-11-09 00:00:00-05:00,114.4800033569336,1.0,-0.011228151978489587,0.41398462086451
